tau_p;tau_d;tau_i;throttle;num_steps;mean_speed;cte_tolerante;max_abs_cte;result
0.134737;2.20555;3.19276e-05;0.57;864;56.3902;3;2.9377;0
0.136615;2.19666;3.23725e-05;0.25;1;68.0139;3;3.0968;0
0.139084;2.18275;3.28941e-05;0.25;1;67.8409;3;3.1627;0
0.140027;2.17761;3.24836e-05;0.25;869;55.9753;3;3.1627;0
0.139996;2.20353;3.20528e-05;0.25;1;67.819;3;3.1605;0
0.136715;2.18294;3.26477e-05;0.25;1;67.6082;3;3.2404;0
0.137493;2.15767;3.22187e-05;0.25;872;56.271;3;3.2404;0
0.139297;2.19842;3.19302e-05;0.25;1;66.9186;3;3.1473;0
0.138909;2.16293;3.2395e-05;0.25;1;66.7814;3;3.2272;0
0.136112;2.17677;3.28908e-05;0.25;870;56.1267;3;3.2272;0
0.135211;2.17214;3.17915e-05;0.25;1;67.8375;3;3.1703;0
0.135274;2.15429;3.22609e-05;0.25;1;67.6719;3;3.2613;0
0.138272;2.15605;3.21677e-05;0.25;862;56.1766;3;3.2613;0
0.135219;2.2115;3.27448e-05;0.25;1;67.9739;3;3.0154;0
0.138263;2.18731;3.2006e-05;0.25;1;67.7972;3;3.0581;0
0.137785;2.16835;3.20246e-05;0.25;808;54.4866;3;3.0581;0
0.134803;2.19;3.18815e-05;0.25;1;66.1532;3;3.0331;0
0.13992;2.15461;3.25821e-05;0.25;1;66.0134;3;3.0939;0
0.13702;2.1654;3.23858e-05;0.25;815;53.9032;3;3.0939;0
0.137854;2.19393;3.24976e-05;0.25;1;66.1223;3;3.085;0
0.135269;2.19714;3.26899e-05;0.25;1;65.538;3;3.4765;0
0.138746;2.17119;3.23391e-05;0.25;835;54.8735;3;3.4765;0
0.135112;2.19961;3.2795e-05;0.25;1;64.0748;3;3.1277;0
0.138993;2.15261;3.23121e-05;0.25;1;63.9163;3;3.2449;0
0.136001;2.18565;3.2305e-05;0.25;1004;54.9293;3;3.2449;0
0.136087;2.211;3.28573e-05;0.25;1;66.157;3;3.1066;0
0.136918;2.17026;3.17675e-05;0.25;1;66.0347;3;3.3359;0
0.139039;2.21108;3.17613e-05;0.25;1085;56.3032;3;3.3359;0
0.135666;2.15833;3.23418e-05;0.25;1;65.0821;3;3.287;0
0.137355;2.17185;3.20812e-05;0.25;1;64.9141;3;3.5487;0
0.140094;2.19616;3.28443e-05;0.25;1065;54.5075;3;3.5487;0
0.134524;2.1864;3.1773e-05;0.25;1;60.7034;3;3.0407;0
0.139097;2.2108;3.1971e-05;0.25;1;60.5554;3;3.166;0
0.136665;2.18919;3.26055e-05;0.25;1032;58.7822;3;3.166;0
0.139723;2.15424;3.26967e-05;0.25;1;68.5088;3;3.0207;0
0.139649;2.16261;3.23801e-05;0.25;1;68.3204;3;3.0677;0
0.136196;2.17572;3.22575e-05;0.25;859;56.7137;3;3.0677;0
0.135327;2.1675;3.24327e-05;0.25;1;68.3669;3;3.0341;0
0.135406;2.16053;3.25032e-05;0.25;1;68.1162;3;3.1946;0
0.139038;2.1614;3.22657e-05;0.25;868;56.0951;3;3.1946;0
0.135761;2.21169;3.25385e-05;0.25;1;67.6588;3;3.0123;0
0.139311;2.15621;3.19301e-05;0.25;1;67.2488;3;3.2454;0
0.134276;2.17843;3.21675e-05;0.25;865;56.4347;3;3.2454;0
0.135041;2.167;3.22537e-05;0.25;1;68.4768;3;3.142;0
0.138417;2.16446;3.19187e-05;0.25;1;68.3203;3;3.2122;0
0.136593;2.1606;3.25588e-05;0.25;874;56.3813;3;3.2122;0
0.137066;2.17375;3.17004e-05;0.25;1;67.7664;3;3.1325;0
0.14006;2.16661;3.24851e-05;0.25;1;67.6768;3;3.2277;0
0.139868;2.18783;3.27846e-05;0.25;863;56.2507;3;3.2277;0
0.136216;2.17029;3.25105e-05;0.25;1;68.239;3;3.1046;0
0.136926;2.17659;3.2442e-05;0.25;1;68.041;3;3.1577;0
0.138694;2.15489;3.25112e-05;0.25;846;56.6221;3;3.1577;0
0.134336;2.18413;3.28258e-05;0.25;1;68.0328;3;3.0314;0
0.136495;2.18159;3.25109e-05;0.25;1;67.9055;3;3.0183;0
0.138932;2.20567;3.25725e-05;0.25;1032;59.1153;3;3.0183;0
0.136156;2.16076;3.19846e-05;0.25;1;67.2782;3;3.0554;0
0.135499;2.16498;3.23938e-05;0.25;1;67.1062;3;3.0901;0
0.138744;2.19946;3.18601e-05;0.25;864;56.2462;3;3.0901;0
0.13651;2.17446;3.20654e-05;0.25;1;67.42;3;3.0343;0
0.138096;2.20141;3.26393e-05;0.25;1;67.2049;3;3.1323;0
0.137373;2.1646;3.24608e-05;0.25;852;56.5121;3;3.1323;0
0.138064;2.19639;3.25164e-05;0.25;1;68.0354;3;3.0164;0
0.136623;2.15248;3.20154e-05;0.25;1;67.8431;3;3.0687;0
0.13941;2.1907;3.24493e-05;0.25;1034;58.4837;3;3.0687;0
0.137983;2.18742;3.28598e-05;0.25;1;67.9529;3;3.1119;0
0.13792;2.18015;3.24452e-05;0.25;1;67.7671;3;3.1538;0
0.13518;2.1606;3.2738e-05;0.25;861;56.5786;3;3.1538;0
0.134808;2.1793;3.20909e-05;0.25;1;68.0579;3;3.1529;0
0.137313;2.16007;3.17837e-05;0.25;1;67.8906;3;3.2049;0
0.134404;2.21106;3.28504e-05;0.25;851;56.8096;3;3.2049;0
0.134239;2.17482;3.21869e-05;0.25;1;67.7589;3;3.0218;0
0.135433;2.17342;3.25816e-05;0.25;1;67.6132;3;3.0476;0
0.137978;2.17346;3.18405e-05;0.25;856;56.6332;3;3.0476;0
0.13819;2.20321;3.19078e-05;0.25;1;68.1406;3;3.0053;0
0.135306;2.19007;3.22763e-05;0.25;1;67.9804;3;3.041;0
0.136815;2.19729;3.17347e-05;0.25;858;56.7693;3;3.041;0
0.134719;2.18853;3.24815e-05;0.25;1;68.0984;3;3.1156;0
0.139351;2.16865;3.24811e-05;0.25;1;67.971;3;3.1546;0
0.134655;2.16059;3.18511e-05;0.25;862;56.3033;3;3.1546;0
0.139901;2.20824;3.28022e-05;0.25;1;67.8155;3;3.1202;0
0.134912;2.19599;3.25865e-05;0.25;1;67.6878;3;3.1866;0
0.137216;2.19335;3.25763e-05;0.25;862;56.4995;3;3.1866;0
0.139671;2.20506;3.26661e-05;0.25;855;56.4094;3;3.011;0
0.139429;2.17727;3.22767e-05;0.25;1;68.8555;3;3.0034;0
0.138855;2.16506;3.17185e-05;0.25;1;68.516;3;3.0048;0
0.139615;2.18764;3.18026e-05;0.25;1020;58.7689;3;3.0048;0
0.135221;2.16944;3.28849e-05;0.25;1;67.904;3;3.0861;0
0.139778;2.20239;3.26979e-05;0.25;1;67.7449;3;3.1636;0
0.13533;2.19148;3.19666e-05;0.25;857;56.7656;3;3.1636;0
0.136563;2.1941;3.17656e-05;0.25;1;67.8973;3;3.1046;0
0.13939;2.1926;3.2505e-05;0.25;1;67.7611;3;3.1566;0
0.134291;2.15481;3.2496e-05;0.25;853;56.5731;3;3.1566;0
0.139872;2.17045;3.28422e-05;0.25;1;68.5233;3;3.0119;0
0.134879;2.20805;3.21494e-05;0.25;1;68.2167;3;3.0888;0
0.13512;2.16665;3.21721e-05;0.25;1036;58.797;3;3.0888;0
0.135166;2.17511;3.28704e-05;0.25;1;67.0593;3;3.0604;0
0.139183;2.1712;3.19218e-05;0.25;1;66.8969;3;3.1177;0
0.13706;2.20266;3.21132e-05;0.25;845;57.0732;3;3.1177;0
0.138219;2.17811;3.2172e-05;0.25;1;68.3868;3;3.1383;0
0.138803;2.19968;3.28293e-05;0.25;1;68.2808;3;3.2419;0
0.137326;2.20984;3.19325e-05;0.25;853;56.86;3;3.2419;0
0.136204;2.18449;3.27798e-05;0.25;1;68.5514;3;3.0021;0
0.135436;2.18079;3.26639e-05;0.25;1;68.3826;3;3.0707;0
0.139168;2.1694;3.28362e-05;0.25;849;56.7228;3;3.0707;0
0.135055;2.19508;3.26204e-05;0.25;1;67.1187;3;3.0205;0
0.135546;2.16173;3.1834e-05;0.25;1;66.9737;3;3.0067;0
0.13956;2.19115;3.28045e-05;0.25;852;56.8398;3;3.0067;0
0.139802;2.18118;3.23828e-05;0.25;1;67.822;3;3.0398;0
0.135106;2.19638;3.27702e-05;0.25;1;67.7139;3;3.1343;0
0.13653;2.15436;3.20028e-05;0.25;850;56.6909;3;3.1343;0
0.139212;2.19798;3.22646e-05;0.25;1030;58.5482;3;3.0153;0
0.139768;2.17632;3.27704e-05;0.25;1;67.9569;3;3.043;0
0.137876;2.17003;3.21948e-05;0.25;1;67.799;3;3.1394;0
0.138504;2.18852;3.22757e-05;0.25;1217;60.1655;3;3.1394;0
0.136046;2.16171;3.22498e-05;0.25;1;66.4195;3;3.0773;0
0.135902;2.20392;3.22273e-05;0.25;1;66.2358;3;3.1768;0
0.138595;2.20172;3.17315e-05;0.25;1021;59.3409;3;3.1768;0
0.135459;2.18647;3.18959e-05;0.25;1;67.362;3;3.0619;0
0.136659;2.16619;3.22823e-05;0.25;1;67.1843;3;3.0808;0
0.138052;2.19523;3.23408e-05;0.25;852;56.8329;3;3.0808;0
0.134774;2.19001;3.24863e-05;0.25;1;67.6045;3;3.0432;0
0.134715;2.16127;3.24408e-05;0.25;1;67.4626;3;3.0547;0
0.13744;2.16607;3.22168e-05;0.25;856;56.2086;3;3.0547;0
0.135989;2.20799;3.24556e-05;0.25;1;68.0206;3;3.0698;0
0.137393;2.19418;3.22932e-05;0.25;1;67.8298;3;3.121;0
0.139747;2.19633;3.28558e-05;0.25;1214;60.516;3;3.121;0
0.139217;2.15912;3.23627e-05;0.25;1;64.0069;3;3.0435;0
0.138174;2.20626;3.2619e-05;0.25;1;63.8578;3;3.0494;0
0.140104;2.18209;3.22276e-05;0.25;849;56.5319;3;3.0494;0
0.139491;2.15429;3.17699e-05;0.25;1;69.0369;3;3.0068;0
0.137577;2.16404;3.23558e-05;0.25;1;68.6485;3;3.1123;0
0.138168;2.16379;3.20612e-05;0.25;1029;58.4935;3;3.1123;0
0.137339;2.19511;3.21552e-05;0.25;1;68.4364;3;3.0672;0
0.13792;2.16919;3.25969e-05;0.25;1;68.0692;3;3.1805;0
0.137299;2.18666;3.28651e-05;0.25;1206;60.4656;3;3.1805;0
0.140008;2.1956;3.1734e-05;0.25;1;65.2748;3;3.0692;0
0.138845;2.19483;3.22763e-05;0.25;1;65.1104;3;3.1138;0
0.135811;2.1678;3.24616e-05;0.25;847;56.5424;3;3.1138;0
0.139857;2.18447;3.24692e-05;0.25;1;68.9163;3;3.051;0
0.136554;2.16464;3.28388e-05;0.25;1;68.7743;3;3.0732;0
0.13971;2.17308;3.20307e-05;0.25;1174;59.8131;3;3.0732;0
0.134462;2.19098;3.25287e-05;0.25;1;66.57;3;3.0545;0
0.140003;2.19305;3.27403e-05;0.25;1;66.4256;3;3.0666;0
0.139312;2.19825;3.17689e-05;0.25;855;56.8816;3;3.0666;0
0.134853;2.17663;3.23577e-05;0.25;1;67.4782;3;3.0567;0
0.139333;2.15482;3.28594e-05;0.25;1;67.3404;3;3.0877;0
0.13896;2.18426;3.20754e-05;0.25;1025;59.0312;3;3.0877;0
0.136491;2.20482;3.28635e-05;0.25;1;67.886;3;3.052;0
0.138635;2.15212;3.22481e-05;0.25;1;67.5044;3;3.1994;0
0.139858;2.17625;3.21158e-05;0.25;1023;58.4652;3;3.1994;0
0.135683;2.19792;3.25615e-05;0.25;1;67.4497;3;3.0671;0
0.137327;2.21037;3.2738e-05;0.25;1;67.2799;3;3.1395;0
0.135679;2.19721;3.17291e-05;0.25;1031;58.993;3;3.1395;0
0.139992;2.19096;3.24062e-05;0.25;1;67.3006;3;3.0166;0
0.135905;2.17849;3.27363e-05;0.25;1;67.1232;3;3.0123;0
0.138838;2.16833;3.17709e-05;0.25;860;56.2596;3;3.0123;0
0.135527;2.19453;3.20519e-05;0.25;1;68.3292;3;3.0734;0
0.136945;2.15985;3.27181e-05;0.25;1;68.1883;3;3.1042;0
0.135737;2.16943;3.1888e-05;0.25;1026;59.1153;3;3.1042;0
0.134302;2.1957;3.21527e-05;0.25;1;67.2913;3;3.0127;0
0.134881;2.1879;3.23452e-05;0.25;1;67.1175;3;3.0048;0
0.138248;2.18;3.21191e-05;0.25;851;56.7939;3;3.0048;0
0.137984;2.19868;3.20283e-05;0.25;1;68.0141;3;3.1135;0
0.139466;2.19887;3.2346e-05;0.25;1;67.8469;3;3.1451;0
0.139935;2.18031;3.24399e-05;0.25;850;56.5827;3;3.1451;0
0.139522;2.1807;3.17718e-05;0.25;1;68.1507;3;3.1052;0
0.135318;2.16404;3.28603e-05;0.25;1;67.9918;3;3.1445;0
0.138736;2.20048;3.20304e-05;0.25;1017;59.0891;3;3.1445;0
0.13875;2.19274;3.18246e-05;0.25;1;68.2918;3;3.0245;0
0.136391;2.15649;3.28634e-05;0.25;1;67.9321;3;3.0589;0
0.137244;2.19373;3.19857e-05;0.25;847;56.6035;3;3.0589;0
0.136775;2.16271;3.25377e-05;0.25;1;67.9452;3;3.0241;0
0.135274;2.15717;3.2742e-05;0.25;1;67.827;3;3.0585;0
0.135256;2.16067;3.24147e-05;0.25;844;56.6446;3;3.0585;0
0.139148;2.17311;3.2452e-05;0.25;1;68.5446;3;3.0126;0
0.139156;2.18189;3.19023e-05;0.25;1;68.4115;3;3.0281;0
0.134739;2.16226;3.18859e-05;0.25;850;56.6781;3;3.0281;0
0.13927;2.16802;3.22323e-05;0.25;1;68.1334;3;3.0186;0
0.138401;2.20083;3.1868e-05;0.25;1;67.9765;3;3.0306;0
0.135708;2.15704;3.28367e-05;0.25;841;56.6514;3;3.0306;0
0.13535;2.18092;3.20382e-05;0.25;1;68.6286;3;3.0548;0
0.138199;2.20545;3.21142e-05;0.25;1;68.2376;3;3.1586;0
0.13634;2.15239;3.19881e-05;0.25;851;56.6767;3;3.1586;0
0.139657;2.16478;3.17934e-05;0.25;1018;58.7733;3;3.0087;0
0.134285;2.20132;3.25554e-05;0.25;1;68.3022;3;3.1996;0
0.137995;2.18782;3.22716e-05;0.25;1;68.131;3;3.2968;0
0.137374;2.17491;3.179e-05;0.25;1024;58.937;3;3.2968;0
0.136089;2.2076;3.20771e-05;0.25;1;67.9112;3;3.0155;0
0.138686;2.19001;3.17165e-05;0.25;1;67.815;3;3.1098;0
0.135315;2.16639;3.27596e-05;0.25;841;56.795;3;3.1098;0
0.136588;2.20189;3.28817e-05;0.25;1;68.0955;3;3.1567;0
0.134267;2.1723;3.21584e-05;0.25;1;67.9258;3;3.2205;0
0.138135;2.15885;3.19327e-05;0.25;999;58.6198;3;3.2205;0
0.136203;2.19777;3.26133e-05;0.25;1;68.8796;3;3.0405;0
0.138003;2.21192;3.26961e-05;0.25;1;68.7234;3;3.0724;0
0.13682;2.15408;3.23828e-05;0.25;1008;58.9318;3;3.0724;0
0.134596;2.21101;3.22308e-05;0.25;847;56.9541;3;3.0044;0
0.136725;2.15744;3.24264e-05;0.25;1;68.2112;3;3.0387;0
0.137351;2.18253;3.17838e-05;0.25;1;68.05;3;3.0638;0
0.137043;2.1642;3.18363e-05;0.25;2374;64.5763;3;3.0638;0
0.139416;2.1802;3.28195e-05;0.25;1;68.4283;3;3.0719;0
0.134731;2.17065;3.25322e-05;0.25;1;68.2496;3;3.1385;0
0.138516;2.17712;3.23536e-05;0.25;1202;60.5286;3;3.1385;0
0.137384;2.18382;3.26584e-05;0.25;1;65.4218;3;3.0759;0
0.134273;2.15375;3.19902e-05;0.25;1;65.2129;3;3.1606;0
0.139751;2.17689;3.21644e-05;0.25;836;56.9182;3;3.1606;0
0.137395;2.19701;3.27569e-05;0.25;1;68.9133;3;3.0742;0
0.140021;2.1875;3.20224e-05;0.25;1;68.5708;3;3.1281;0
0.137818;2.19844;3.19644e-05;0.25;1203;60.6196;3;3.1281;0
0.137004;2.18344;3.28553e-05;0.25;1;67.3284;3;3.0075;0
0.135249;2.15211;3.19328e-05;0.25;1;66.959;3;3.1934;0
0.137773;2.19368;3.26622e-05;0.25;1209;60.3059;3;3.1934;0
0.138578;2.19266;3.22924e-05;0.25;1;64.7638;3;3.0366;0
0.137535;2.16993;3.26967e-05;0.25;1;64.4649;3;3.0621;0
0.138804;2.16718;3.27578e-05;0.25;1014;58.5601;3;3.0621;0
0.135389;2.21073;3.18417e-05;0.25;1;68.0032;3;3.0565;0
0.137161;2.16384;3.26058e-05;0.25;1;67.8404;3;3.1227;0
0.139147;2.16469;3.23142e-05;0.25;1014;59.1163;3;3.1227;0
0.138674;2.17185;3.22241e-05;0.25;1;67.5442;3;3.0925;0
0.138163;2.20641;3.2184e-05;0.25;1;67.3655;3;3.1242;0
0.137092;2.20135;3.17428e-05;0.25;1017;59.3241;3;3.1242;0
0.134486;2.16398;3.26577e-05;0.25;1;67.6164;3;3.0356;0
0.134258;2.19415;3.2243e-05;0.25;1;67.4306;3;3.0786;0
0.140221;2.15828;3.24283e-05;0.25;1020;58.6518;3;3.0786;0
0.135638;2.17339;3.23819e-05;0.25;1;68.1624;3;3.0405;0
0.137514;2.18161;3.18228e-05;0.25;1;67.7998;3;3.0699;0
0.134878;2.17287;3.26882e-05;0.25;848;56.7031;3;3.0699;0
0.139546;2.19449;3.19169e-05;0.25;1;67.5423;3;3.0176;0
0.13932;2.16638;3.27665e-05;0.25;1;67.401;3;3.0364;0
0.138836;2.20907;3.23163e-05;0.25;1010;58.9032;3;3.0364;0
0.136776;2.16789;3.21135e-05;0.25;1;67.8708;3;3.1604;0
0.136943;2.16213;3.18185e-05;0.25;1;67.6894;3;3.2275;0
0.136623;2.17013;3.27894e-05;0.25;1017;58.7333;3;3.2275;0
0.13442;2.16219;3.2087e-05;0.25;1;67.8768;3;3.0201;0
0.134739;2.16221;3.28125e-05;0.25;1;67.6919;3;3.0367;0
0.136431;2.16979;3.2367e-05;0.25;1205;60.3574;3;3.0367;0
0.137517;2.16195;3.25086e-05;0.25;1;66.2724;3;3.0565;0
0.134642;2.18243;3.28587e-05;0.25;1;65.8745;3;3.2516;0
0.139127;2.17831;3.19864e-05;0.25;839;57.0011;3;3.2516;0
0.13752;2.18862;3.2596e-05;0.25;1;67.9205;3;3.0791;0
0.137635;2.17111;3.18969e-05;0.25;1;67.7567;3;3.1112;0
0.138053;2.16518;3.19509e-05;0.25;1200;60.5048;3;3.1112;0
0.135832;2.19766;3.20211e-05;0.25;1;65.5081;3;3.0441;0
0.137903;2.17971;3.27507e-05;0.25;1;65.3027;3;3.1265;0
0.140019;2.19462;3.17376e-05;0.25;1010;58.9743;3;3.1265;0
0.138738;2.20607;3.17598e-05;0.25;1016;58.8729;3;3.0144;0
0.139663;2.18917;3.26084e-05;0.25;1;67.9105;3;3.0162;0
0.138913;2.18261;3.27006e-05;0.25;1;67.6982;3;3.0927;0
0.138717;2.19831;3.2757e-05;0.25;1197;60.4752;3;3.0927;0
0.139532;2.20071;3.28785e-05;0.25;1;65.9426;3;3.1302;0
0.135288;2.18024;3.26313e-05;0.25;1;65.7637;3;3.2122;0
0.139764;2.18932;3.21946e-05;0.25;996;59.1685;3;3.2122;0
0.137353;2.18516;3.26466e-05;0.25;1;68.064;3;3.0009;0
0.135058;2.17884;3.18183e-05;0.25;1;67.8568;3;3.0592;0
0.140032;2.15551;3.19095e-05;0.25;846;56.2888;3;3.0592;0
0.135013;2.19055;3.2149e-05;0.25;1;67.8848;3;3.0333;0
0.134637;2.16754;3.1939e-05;0.25;1;67.5263;3;3.0681;0
0.13897;2.15594;3.23648e-05;0.25;836;56.7481;3;3.0681;0
0.139726;2.20767;3.19297e-05;0.25;1016;58.8693;3;3.014;0
0.139228;2.16848;3.21236e-05;0.25;1;67.8123;3;3.0365;0
0.136518;2.16958;3.27593e-05;0.25;1;67.4442;3;3.1126;0
0.139641;2.18465;3.28472e-05;0.25;1004;58.5894;3;3.1126;0
0.136975;2.19533;3.23432e-05;0.25;1;68.4462;3;3.0027;0
0.136274;2.21068;3.20941e-05;0.25;1;68.0881;3;3.1208;0
0.134479;2.16832;3.17048e-05;0.25;1015;59.2405;3;3.1208;0
0.135458;2.17226;3.1713e-05;0.25;1;67.0686;3;3.066;0
0.139325;2.17356;3.2663e-05;0.25;1;66.8857;3;3.0851;0
0.135568;2.20726;3.20856e-05;0.25;2357;64.8241;3;3.0851;0
0.139431;2.15261;3.21833e-05;0.25;1;68.1358;3;3.0624;0
0.138034;2.15665;3.20867e-05;0.25;1;67.7786;3;3.1775;0
0.134609;2.17413;3.20629e-05;0.25;1015;59.1141;3;3.1775;0
0.140164;2.19446;3.18836e-05;0.25;1;67.7626;3;3.0008;0
0.13769;2.19753;3.28076e-05;0.25;1;67.5929;3;3.0709;0
0.137007;2.15584;3.21354e-05;0.25;1201;60.4236;3;3.0709;0
0.138256;2.16431;3.22771e-05;0.25;1;67.3522;3;3.0936;0
0.136179;2.20931;3.17564e-05;0.25;1;67.1675;3;3.2;0
0.139867;2.19779;3.24114e-05;0.25;1196;60.4881;3;3.2;0
0.140164;2.19681;3.2165e-05;0.25;1;64.292;3;3.1062;0
0.135136;2.18947;3.28176e-05;0.25;1;64.1219;3;3.1518;0
0.138441;2.18689;3.28766e-05;0.25;1002;59.051;3;3.1518;0
0.134688;2.15314;3.28738e-05;0.25;1;67.8967;3;3.1152;0
0.139347;2.20447;3.18194e-05;0.25;1;67.704;3;3.1902;0
0.13835;2.19751;3.21176e-05;0.25;1192;60.6455;3;3.1902;0
0.140195;2.17111;3.25808e-05;0.25;1;65.5233;3;3.0557;0
0.135273;2.20421;3.22003e-05;0.25;1;65.1734;3;3.1415;0
0.139409;2.17956;3.17447e-05;0.25;2350;64.4808;3;3.1415;0
0.135964;2.19724;3.21384e-05;0.25;1;67.7314;3;3.0137;0
0.137696;2.20017;3.28926e-05;0.25;1;67.5994;3;3.0158;0
0.136431;2.1616;3.28219e-05;0.25;837;56.8602;3;3.0158;0
0.135834;2.16744;3.2099e-05;0.25;1;68.5595;3;3.0266;0
0.138282;2.15555;3.24321e-05;0.25;1;68.181;3;3.0782;0
0.139735;2.20972;3.27453e-05;0.25;1002;58.9284;3;3.0782;0
0.135292;2.20023;3.28095e-05;0.25;1;68.0737;3;3.0593;0
0.140098;2.17731;3.21158e-05;0.25;1;67.8849;3;3.1023;0
0.136659;2.15907;3.28309e-05;0.25;837;56.7896;3;3.1023;0
0.139289;2.19769;3.24451e-05;0.25;1;68.2876;3;3.0183;0
0.137305;2.18874;3.22267e-05;0.25;1;68.0673;3;3.122;0
0.135772;2.20752;3.26776e-05;0.25;1189;60.7822;3;3.122;0
0.135821;2.17518;3.2152e-05;0.25;1;64.0433;3;3.018;0
0.140064;2.20473;3.20854e-05;0.25;1;63.8677;3;3.0519;0
0.135115;2.17977;3.24105e-05;0.25;1012;59.1916;3;3.0519;0
0.139316;2.17731;3.2718e-05;0.25;1;67.8662;3;3.0556;0
0.138619;2.18499;3.20495e-05;0.25;1;67.6974;3;3.1175;0
0.135148;2.16079;3.20056e-05;0.25;1004;59.2887;3;3.1175;0
0.139186;2.15341;3.18468e-05;0.25;1;67.4059;3;3.0142;0
0.135391;2.16991;3.1707e-05;0.25;1;67.2649;3;3.064;0
0.137984;2.17065;3.2032e-05;0.25;1009;59.0504;3;3.064;0
0.136355;2.18928;3.20538e-05;0.25;1;67.843;3;3.0806;0
0.134632;2.1813;3.27212e-05;0.25;1;67.7416;3;3.1772;0
0.134907;2.19873;3.18886e-05;0.25;1141;60.4255;3;3.1772;0
0.138006;2.16081;3.25653e-05;0.25;1;68.0926;3;3.0406;0
0.135604;2.16958;3.22002e-05;0.25;1;67.9618;3;3.0339;0
0.135561;2.20754;3.23424e-05;0.25;1003;58.7876;3;3.0339;0
0.13729;2.19156;3.26948e-05;0.25;1;67.3034;3;3.0932;0
0.136583;2.19352;3.2232e-05;0.25;1;67.1135;3;3.148;0
0.13735;2.19633;3.21743e-05;0.25;1003;58.9312;3;3.148;0
0.136992;2.17706;3.22362e-05;0.25;1;68.0853;3;3.0321;0
0.134827;2.18651;3.21743e-05;0.25;1;67.8989;3;3.0757;0
0.138889;2.19554;3.2496e-05;0.25;1012;58.7703;3;3.0757;0
0.139972;2.21095;3.26368e-05;0.25;1;68.0676;3;3.0349;0
0.135795;2.18934;3.22974e-05;0.25;1;67.9012;3;3.1158;0
0.138642;2.17091;3.18871e-05;0.25;998;58.9435;3;3.1158;0
0.136313;2.20932;3.20826e-05;0.25;1191;60.6956;3;3.0002;0
0.138604;2.19305;3.19885e-05;0.25;1;64.6773;3;3.0308;0
0.137714;2.19996;3.23088e-05;0.25;1;64.5381;3;3.024;0
0.138973;2.17265;3.23688e-05;0.25;1190;60.578;3;3.024;0
0.13922;2.17784;3.28157e-05;0.25;1;64.6121;3;3.1042;0
0.135378;2.19889;3.17418e-05;0.25;1;64.4423;3;3.1382;0
0.135203;2.1873;3.17012e-05;0.25;1005;59.2577;3;3.1382;0
0.138715;2.17797;3.22972e-05;0.25;1;67.8022;3;3.0565;0
0.137946;2.20505;3.28897e-05;0.25;1;67.3842;3;3.1955;0
0.135692;2.15454;3.21103e-05;0.25;1005;58.8331;3;3.1955;0
0.134644;2.18535;3.20099e-05;0.25;1;68.2621;3;3.0486;0
0.134274;2.20177;3.24304e-05;0.25;1;68.0768;3;3.104;0
0.13536;2.20589;3.2856e-05;0.25;2313;65.2417;3;3.104;0
0.137602;2.17635;3.22134e-05;0.25;1;68.7357;3;3.0121;0
0.137016;2.17496;3.28087e-05;0.25;1;68.5711;3;3.0746;0
0.137457;2.18242;3.23401e-05;0.25;1192;60.6499;3;3.0746;0
0.136556;2.17275;3.2269e-05;0.25;1;65.4906;3;3.0751;0
0.13516;2.20891;3.27075e-05;0.25;1;65.3287;3;3.112;0
0.138058;2.17777;3.28682e-05;0.25;999;58.7233;3;3.112;0
0.134229;2.16817;3.18425e-05;0.25;1;68.2634;3;3.0312;0
0.139479;2.17171;3.2068e-05;0.25;1;68.1298;3;3.0233;0
0.13774;2.21128;3.18359e-05;0.25;2340;65.0773;3;3.0233;0
0.13714;2.17256;3.26933e-05;0.25;1;67.4669;3;3.0706;0
0.134843;2.18189;3.22512e-05;0.25;1;67.2827;3;3.1081;0
0.136839;2.1549;3.20072e-05;0.25;1017;58.9793;3;3.1081;0
0.136836;2.15533;3.21209e-05;0.25;1;67.3096;3;3.011;0
0.13926;2.21198;3.2138e-05;0.25;1;66.9524;3;3.0224;0
0.138806;2.16222;3.23358e-05;0.25;1005;58.7723;3;3.0224;0
0.13429;2.16907;3.26982e-05;0.25;1;68.1303;3;3.0137;0
0.136927;2.19209;3.18648e-05;0.25;1;67.9449;3;3.0841;0
0.137662;2.21036;3.27099e-05;0.25;2508;65.5871;3;3.0841;0
0.137539;2.20011;3.26491e-05;0.25;1;65.116;3;3.0273;0
0.138383;2.20166;3.2065e-05;0.25;1;64.9449;3;3.0653;0
0.140133;2.19489;3.23459e-05;0.25;3651;66.646;3;3.0653;0
0.135785;2.2103;3.28428e-05;0.25;1;68.7439;3;3.03;0
0.13998;2.20024;3.18505e-05;0.25;1;68.6061;3;3.0311;0
0.136455;2.17678;3.23218e-05;0.25;1005;58.9505;3;3.0311;0
0.139524;2.19494;3.19814e-05;0.25;3674;66.4039;3;3.0137;0
0.136409;2.19948;3.20862e-05;0.25;1;68.4582;3;3.0028;0
0.13628;2.21084;3.19107e-05;0.25;1;68.3273;3;3.0012;0
0.136054;2.18328;3.18728e-05;0.25;1189;60.5754;3;3.0012;0
0.136518;2.16663;3.2494e-05;0.25;1;64.6431;3;3.0136;0
0.139327;2.15697;3.17113e-05;0.25;1;64.4456;3;3.0558;0
0.134468;2.19948;3.21391e-05;0.25;1178;60.68;3;3.0558;0
0.135635;2.19377;3.28114e-05;0.25;1;65.3427;3;3.0784;0
0.139143;2.16695;3.28229e-05;0.25;1;65.1785;3;3.1288;0
0.136015;2.19932;3.28973e-05;0.25;1186;60.6627;3;3.1288;0
0.137488;2.15785;3.20148e-05;0.25;1;63.8597;3;3.0546;0
0.135129;2.18608;3.27389e-05;0.25;1;63.6841;3;3.0956;0
0.137007;2.20063;3.22506e-05;0.25;995;59.0491;3;3.0956;0
0.137273;2.15913;3.2324e-05;0.25;1;68.0734;3;3.0231;0
0.13785;2.19156;3.26673e-05;0.25;1;67.8699;3;3.0846;0
0.137526;2.20111;3.1889e-05;0.25;1181;60.6203;3;3.0846;0
0.138981;2.1704;3.25956e-05;0.25;1;65.2368;3;3.2128;0
0.134298;2.19307;3.25302e-05;0.25;1;65.0616;3;3.3233;0
0.139855;2.17599;3.17008e-05;0.25;995;59.152;3;3.3233;0
0.137569;2.1837;3.23007e-05;0.25;1;68.0005;3;3.0013;0
0.136441;2.18003;3.24142e-05;0.25;1;67.6322;3;3.083;0
0.138253;2.19665;3.2721e-05;0.25;994;59.0743;3;3.083;0
0.139742;2.19632;3.2384e-05;0.25;1;68.3503;3;3.0858;0
0.136955;2.18652;3.18747e-05;0.25;1;68.1713;3;3.1531;0
0.139562;2.16217;3.23229e-05;0.25;1000;58.674;3;3.1531;0
0.138422;2.1577;3.28366e-05;0.25;1;68.4098;3;3.013;0
0.138569;2.18934;3.20897e-05;0.25;1;68.2653;3;3.0262;0
0.139282;2.15225;3.26594e-05;0.25;996;58.8039;3;3.0262;0
0.137963;2.20463;3.28005e-05;0.25;1;68.5258;3;3.019;0
0.13967;2.16934;3.20823e-05;0.25;1;68.3576;3;3.0408;0
0.13853;2.16031;3.24233e-05;0.25;996;58.8704;3;3.0408;0
0.135689;2.18418;3.28416e-05;0.25;1;68.2997;3;3.0647;0
0.138699;2.16324;3.24883e-05;0.25;1;68.1271;3;3.1622;0
0.13657;2.17453;3.27534e-05;0.25;1000;58.8273;3;3.1622;0
0.134581;2.20238;3.25344e-05;0.25;1;67.3312;3;3.0102;0
0.135332;2.19919;3.2663e-05;0.25;1;67.1557;3;3.0323;0
0.13892;2.20893;3.23955e-05;0.25;2320;65.1635;3;3.0323;0
0.137704;2.15416;3.21443e-05;0.25;1;68.2837;3;3.0095;0
0.139854;2.18138;3.28783e-05;0.25;1;68.1035;3;3.0039;0
0.138828;2.17998;3.17622e-05;0.25;2334;64.8513;3;3.0039;0
0.13651;2.15404;3.19341e-05;0.25;1;67.6323;3;3.0932;0
0.137771;2.16128;3.18763e-05;0.25;1;67.4537;3;3.12;0
0.135593;2.20845;3.23239e-05;0.25;2510;65.3255;3;3.12;0
0.134487;2.17154;3.25245e-05;0.25;1;65.0399;3;3.0387;0
0.136234;2.17555;3.28311e-05;0.25;1;64.8898;3;3.0486;0
0.140171;2.20596;3.24969e-05;0.25;1180;60.6147;3;3.0486;0
0.136881;2.17933;3.21007e-05;0.25;1;64.6083;3;3.0022;0
0.139534;2.16806;3.28162e-05;0.25;1;64.4154;3;3.0359;0
0.137112;2.19599;3.24107e-05;0.25;1181;60.8498;3;3.0359;0
0.136275;2.15979;3.26879e-05;0.25;1;65.3883;3;3.1328;0
0.139728;2.20546;3.20364e-05;0.25;1;65.2233;3;3.1775;0
0.137679;2.19132;3.27201e-05;0.25;1183;60.6259;3;3.1775;0
0.13784;2.15483;3.25176e-05;0.25;1;65.2333;3;3.047;0
0.139834;2.1625;3.18963e-05;0.25;1;65.0549;3;3.1406;0
0.13672;2.19988;3.19719e-05;0.25;1175;60.819;3;3.1406;0
0.140013;2.1596;3.27489e-05;0.25;1;64.6024;3;3.01;0
0.134876;2.18043;3.28073e-05;0.25;1;64.2595;3;3.103;0
0.137807;2.18591;3.25799e-05;0.25;2305;65.1438;3;3.103;0
0.134337;2.17928;3.19761e-05;0.25;1;68.7851;3;3.0123;0
0.136248;2.16507;3.18387e-05;0.25;1;68.4131;3;3.1224;0
0.136126;2.15909;3.20322e-05;0.25;2318;65.0109;3;3.1224;0
0.138213;2.20102;3.261e-05;0.25;1;66.4593;3;3.1058;0
0.136955;2.15776;3.27253e-05;0.25;1;66.2724;3;3.1736;0
0.13459;2.18169;3.25819e-05;0.25;1183;60.6706;3;3.1736;0
0.13561;2.19477;3.26879e-05;0.25;1;65.4275;3;3.0878;0
0.138974;2.1676;3.22047e-05;0.25;1;65.2734;3;3.1104;0
0.134793;2.19141;3.28437e-05;0.25;991;59.2637;3;3.1104;0
0.137476;2.20394;3.23754e-05;0.25;1;67.5242;3;3.0134;0
0.137727;2.19055;3.20273e-05;0.25;1;67.1738;3;3.015;0
0.138832;2.18501;3.23465e-05;0.25;1232;60.845;3;3.015;0
0.136518;2.16664;3.23679e-05;0.25;1;64.123;3;3.004;0
0.137683;2.15484;3.22016e-05;0.25;1;63.9851;3;3.0099;0
0.134653;2.17182;3.18986e-05;0.25;996;59.0365;3;3.0099;0
0.138759;2.15435;3.22884e-05;0.25;1;68.1289;3;3.0472;0
0.134978;2.19244;3.20849e-05;0.25;1;67.942;3;3.0905;0
0.138848;2.20319;3.19764e-05;0.25;1178;60.5841;3;3.0905;0
0.139007;2.19246;3.19419e-05;0.25;1;64.6157;3;3.0046;0
0.13966;2.18952;3.24467e-05;0.25;1;64.4374;3;3.0434;0
0.13867;2.15607;3.26097e-05;0.25;982;58.8686;3;3.0434;0
0.136426;2.20046;3.26225e-05;0.25;1;68.5432;3;3.0075;0
0.139712;2.15323;3.21047e-05;0.25;1;68.2512;3;3.0327;0
0.136344;2.169;3.2011e-05;0.25;1190;60.3351;3;3.0327;0
0.137595;2.19795;3.25153e-05;0.25;1;64.9936;3;3.0203;0
0.139684;2.19725;3.27067e-05;0.25;1;64.6771;3;3.0626;0
0.137691;2.1998;3.23265e-05;0.25;1184;60.7012;3;3.0626;0
0.136462;2.16713;3.27757e-05;0.25;1;64.3336;3;3.1163;0
0.139411;2.15736;3.17704e-05;0.25;1;64.1644;3;3.1477;0
0.138607;2.17158;3.28105e-05;0.25;2516;64.945;3;3.1477;0
0.137712;2.1794;3.25881e-05;0.25;1;66.7068;3;3.052;0
0.139079;2.16544;3.17655e-05;0.25;1;66.3316;3;3.2826;0
0.137558;2.19406;3.20928e-05;0.25;991;59.5152;3;3.2826;0
0.137029;2.2045;3.17756e-05;0.25;1;66.7854;3;3.0104;0
0.138415;2.1534;3.21525e-05;0.25;1;66.44;3;3.0333;0
0.135064;2.19466;3.17002e-05;0.25;1187;60.7567;3;3.0333;0
0.138586;2.15569;3.20003e-05;0.25;1;65.3398;3;3.0136;0
0.138052;2.21164;3.21666e-05;0.25;1;65.1775;3;3.0599;0
0.135557;2.16749;3.23488e-05;0.25;1189;60.4027;3;3.0599;0
0.138673;2.17349;3.17437e-05;0.25;1;66.1782;3;3.0254;0
0.139043;2.1956;3.22523e-05;0.25;1;66.0085;3;3.1029;0
0.135692;2.15918;3.27877e-05;0.25;1004;58.7112;3;3.1029;0
0.13449;2.16189;3.21951e-05;0.25;1;67.8167;3;3.0155;0
0.138855;2.19515;3.18276e-05;0.25;1;67.6485;3;3.0928;0
0.139325;2.17522;3.27272e-05;0.25;1183;60.6617;3;3.0928;0
0.139478;2.15858;3.21221e-05;0.25;1;64.612;3;3.0728;0
0.138865;2.16182;3.26007e-05;0.25;1;64.4566;3;3.088;0
0.138709;2.16299;3.2178e-05;0.25;995;58.9879;3;3.088;0
0.137663;2.17507;3.21651e-05;0.25;1;68.2856;3;3.0165;0
0.14011;2.17256;3.24181e-05;0.25;1;68.1035;3;3.0793;0
0.134678;2.18902;3.27627e-05;0.25;3640;66.8685;3;3.0793;0
0.139091;2.15325;3.24458e-05;0.25;1;68.3775;3;3.0186;0
0.136138;2.18756;3.25086e-05;0.25;1;68.2142;3;3.005;0
0.135931;2.20865;3.17211e-05;0.25;2330;64.9679;3;3.005;0
0.136107;2.16737;3.2136e-05;0.25;1;67.4604;3;3.0666;0
0.137144;2.20637;3.1997e-05;0.25;1;67.1092;3;3.1393;0
0.140207;2.16216;3.26709e-05;0.25;984;59.1322;3;3.1393;0
0.137513;2.16295;3.24227e-05;0.25;1;67.6819;3;3.0357;0
0.138761;2.20441;3.17216e-05;0.25;1;67.5952;3;3.1103;0
0.138994;2.19698;3.20367e-05;0.25;995;59.1735;3;3.1103;0
0.139555;2.15808;3.18875e-05;0.25;1;68.1064;3;3.0323;0
0.13993;2.16727;3.23243e-05;0.25;1;67.9066;3;3.0667;0
0.138809;2.16464;3.17631e-05;0.25;992;59.0305;3;3.0667;0
0.135172;2.20085;3.20063e-05;0.25;1;68.1494;3;3.0279;0
0.137138;2.17673;3.22348e-05;0.25;1;67.9692;3;3.0949;0
0.140125;2.16523;3.28187e-05;0.25;830;56.68;3;3.0949;0
0.138095;2.15933;3.2705e-05;0.25;1;68.085;3;3.015;0
0.136284;2.17673;3.19412e-05;0.25;1;67.938;3;3.0067;0
0.135308;2.18283;3.21291e-05;0.25;2133;65.0775;3;3.0067;0
0.137991;2.19526;3.18938e-05;0.25;1;68.5831;3;3.0033;0
0.137988;2.15349;3.26976e-05;0.25;1;68.2552;3;3.0322;0
0.139881;2.16167;3.22792e-05;0.25;999;59.0414;3;3.0322;0
0.137435;2.17625;3.24861e-05;0.25;1;67.2274;3;3.1251;0
0.134765;2.17365;3.25538e-05;0.25;1;67.0787;3;3.1902;0
0.13436;2.15496;3.28552e-05;0.25;1173;60.732;3;3.1902;0
0.139749;2.20585;3.20727e-05;0.25;1;64.0422;3;3.0096;0
0.139801;2.19786;3.18136e-05;0.25;1;63.8773;3;3.0621;0
0.136801;2.20606;3.21584e-05;0.25;2306;65.236;3;3.0621;0
0.135815;2.19894;3.24234e-05;0.25;1;68.3841;3;3.0269;0
0.136253;2.15546;3.27934e-05;0.25;1183;60.4682;3;3.1021;0
0.138212;2.16614;3.25418e-05;0.25;1;64.6074;3;3.0261;0
0.134819;2.15414;3.21224e-05;0.25;1;64.4462;3;3.0673;0
0.137484;2.18634;3.22395e-05;0.25;2331;64.9216;3;3.0673;0
0.138081;2.20162;3.20612e-05;0.25;1;68.113;3;3.0489;0
0.134638;2.1928;3.26812e-05;0.25;1;67.9323;3;3.0861;0
0.135314;2.16036;3.20644e-05;0.25;827;56.8815;3;3.0861;0
0.13923;2.19912;3.17655e-05;0.25;1;68.3413;3;3.0005;0
0.137752;2.18975;3.26728e-05;0.25;1;68.2156;3;3.0671;0
0.140213;2.17383;3.23235e-05;0.25;995;59.0619;3;3.0671;0
0.135034;2.16087;3.28273e-05;0.25;1;68.035;3;3.038;0
0.134529;2.15406;3.28692e-05;0.25;1;67.8511;3;3.0799;0
0.137305;2.1924;3.19775e-05;0.25;2513;65.248;3;3.0799;0
0.140041;2.15366;3.1965e-05;0.25;1;67.1313;3;3.1023;0
0.138451;2.2056;3.28631e-05;0.25;1;66.9387;3;3.2583;0
0.135307;2.16137;3.195e-05;0.25;1010;59.1281;3;3.2583;0
0.134403;2.16635;3.23628e-05;0.25;1;67.4744;3;3.0931;0
0.140131;2.18122;3.26111e-05;0.25;1;67.2979;3;3.1353;0
0.140083;2.20134;3.20422e-05;0.25;999;58.9926;3;3.1353;0
0.134787;2.19138;3.28954e-05;0.25;1;67.9491;3;3.0302;0
0.137691;2.20525;3.20652e-05;0.25;1;67.7692;3;3.0816;0
0.140132;2.18419;3.20853e-05;0.25;1005;58.9259;3;3.0816;0
0.138923;2.2045;3.2135e-05;0.25;1;67.9695;3;3.0687;0
0.135161;2.20378;3.20789e-05;0.25;1;67.7863;3;3.1058;0
0.138586;2.16316;3.18918e-05;0.25;829;56.5711;3;3.1058;0
0.138494;2.20002;3.19265e-05;0.25;1;68.6398;3;3.0234;0
0.13998;2.18659;3.19303e-05;0.25;1;68.4609;3;3.0557;0
0.139214;2.20334;3.27904e-05;0.25;1009;59.2543;3;3.0557;0
0.134259;2.16223;3.27821e-05;0.25;1;67.0171;3;3.0048;0
0.136178;2.17228;3.1774e-05;0.25;1;66.6389;3;3.0328;0
0.13791;2.18906;3.23263e-05;0.25;1000;59.0013;3;3.0328;0
0.140179;2.19197;3.24746e-05;0.25;1;68.2161;3;3.0467;0
0.136551;2.1602;3.2569e-05;0.25;1;68.0205;3;3.0742;0
0.134478;2.18609;3.17109e-05;0.25;1003;58.8809;3;3.0742;0
0.134372;2.19815;3.25964e-05;0.25;1;68.2185;3;3.0341;0
0.136154;2.17767;3.26465e-05;0.25;1;68.0204;3;3.1002;0
0.135886;2.17339;3.26415e-05;0.25;1006;59.2889;3;3.1002;0
0.138045;2.19367;3.24242e-05;0.25;997;59.0885;3;3.004;0
0.136051;2.18632;3.25167e-05;0.25;1;67.674;3;3.0811;0
0.139222;2.16309;3.20623e-05;0.25;1;67.506;3;3.1609;0
0.139787;2.19736;3.26959e-05;0.25;3637;66.5639;3;3.1609;0
0.138993;2.1666;3.25653e-05;0.25;1;68.97;3;3.0137;0
0.138358;2.16381;3.24105e-05;0.25;1;68.8057;3;3.0754;0
0.138264;2.16382;3.21575e-05;0.25;992;58.9559;3;3.0754;0
0.136915;2.19929;3.28836e-05;0.25;1;68.5492;3;3.0264;0
0.139116;2.1845;3.24607e-05;0.25;1;68.2497;3;3.0786;0
0.139168;2.17925;3.21436e-05;0.25;998;58.7308;3;3.0786;0
0.138685;2.21155;3.21996e-05;0.25;1;68.7083;3;3.0174;0
0.137514;2.159;3.17199e-05;0.25;1;68.5678;3;3.0188;0
0.135204;2.17935;3.20725e-05;0.25;1012;58.5572;3;3.0188;0
0.13995;2.18014;3.18621e-05;0.25;1;68.2063;3;3.0356;0
0.139907;2.19937;3.27187e-05;0.25;1003;59.0082;3;3.1591;0
0.138475;2.20759;3.22698e-05;0.25;1;67.7346;3;3.0396;0
0.138928;2.20331;3.22416e-05;0.25;1;67.3575;3;3.0933;0
0.139032;2.18949;3.23828e-05;0.25;2340;64.8636;3;3.0933;0
0.135306;2.18033;3.22353e-05;0.25;1;67.7501;3;3.0977;0
0.140058;2.17396;3.22026e-05;0.25;1;67.5729;3;3.1614;0
0.137537;2.19368;3.17182e-05;0.25;1191;60.3654;3;3.1614;0
0.139967;2.18854;3.2435e-05;0.25;1;65.0275;3;3.0115;0
0.138508;2.20828;3.24018e-05;0.25;1;64.6497;3;3.1596;0
0.138777;2.17;3.20492e-05;0.25;1007;58.7156;3;3.1596;0
0.138466;2.20905;3.26759e-05;0.25;1;68.4864;3;3.0257;0
0.139044;2.18133;3.24342e-05;0.25;834;57.179;3;3.1488;0
0.136417;2.20578;3.26384e-05;0.25;1;68.0216;3;3.0443;0
0.135487;2.1858;3.23887e-05;0.25;1;67.8678;3;3.06;0
0.139744;2.1882;3.26632e-05;0.25;3851;66.5981;3;3.06;0
0.134415;2.15566;3.27e-05;0.25;1;67.1265;3;3.0196;0
0.138825;2.20587;3.27178e-05;0.25;1;66.9527;3;3.0506;0
0.139908;2.21131;3.25134e-05;0.25;999;59.2096;3;3.0506;0
0.134261;2.17879;3.26368e-05;0.25;1;68.0244;3;3.0222;0
0.139007;2.17415;3.27336e-05;0.25;1;67.8388;3;3.0276;0
0.134951;2.18453;3.24265e-05;0.25;1166;60.6725;3;3.0276;0
0.13682;2.1551;3.18305e-05;0.25;1;64.923;3;3.0391;0
0.138948;2.19797;3.17667e-05;0.25;1;64.7526;3;3.1254;0
0.136529;2.18995;3.19195e-05;0.25;1173;60.8004;3;3.1254;0
0.137168;2.1531;3.28857e-05;0.25;1;65.3265;3;3.0498;0
0.139487;2.1832;3.22419e-05;0.25;1;65.1489;3;3.1383;0
0.134454;2.19577;3.22722e-05;0.25;1181;60.6929;3;3.1383;0
0.134466;2.16917;3.19628e-05;0.25;1;63.6077;3;3.0161;0
0.139433;2.18952;3.18387e-05;0.25;1;63.2957;3;3.053;0
0.136641;2.19578;3.20375e-05;0.25;987;59.031;3;3.053;0
0.136154;2.18542;3.20837e-05;0.25;1;68.5144;3;3.0482;0
0.137345;2.17162;3.27059e-05;0.25;1;68.3363;3;3.1066;0
0.137539;2.18896;3.19196e-05;0.25;999;58.8387;3;3.1066;0
0.139439;2.18787;3.2124e-05;0.25;1;67.5437;3;3.0138;0
0.138366;2.19183;3.18811e-05;0.25;1;67.3731;3;3.0768;0
0.138897;2.16666;3.19819e-05;0.25;995;58.5633;3;3.0768;0
0.135918;2.1588;3.24683e-05;0.25;1;68.5623;3;3.0475;0
0.135696;2.17025;3.27775e-05;0.25;1;68.4021;3;3.0871;0
0.135187;2.1952;3.24157e-05;0.25;4923;67.7262;3;3.0871;0
0.136587;2.17866;3.17497e-05;0.25;1;69.2024;3;3.0264;0
0.135312;2.20568;3.28476e-05;0.25;1;68.8432;3;3.1377;0
0.136207;2.20446;3.26274e-05;0.25;1182;60.7219;3;3.1377;0
0.140042;2.17528;3.27329e-05;0.25;1;67.2006;3;3.1171;0
0.135181;2.20013;3.23772e-05;0.25;1;67.0117;3;3.2476;0
0.137473;2.18419;3.17658e-05;0.25;992;59.0754;3;3.2476;0
0.136511;2.20532;3.27319e-05;0.25;1;67.8702;3;3.1274;0
0.139751;2.21124;3.21552e-05;0.25;1;67.6855;3;3.1801;0
0.136619;2.15318;3.25309e-05;0.25;1001;58.6354;3;3.1801;0
0.137067;2.18592;3.21795e-05;0.25;1;68.2385;3;3.0439;0
0.139321;2.15672;3.28289e-05;0.25;1;68.0643;3;3.1086;0
0.135266;2.20221;3.25007e-05;0.25;1182;60.6101;3;3.1086;0
0.137344;2.17123;3.21377e-05;0.25;1;67.7507;3;3.1165;0
0.136567;2.16741;3.26391e-05;0.25;1179;60.7916;3;3.2339;0
0.139172;2.20591;3.18755e-05;0.25;1;66.1166;3;3.0146;0
0.134846;2.18675;3.18302e-05;0.25;996;59.1322;3;3.0911;0
0.136146;2.20685;3.2242e-05;0.25;1;67.6168;3;3.0392;0
0.138373;2.16385;3.21579e-05;0.25;1;67.4254;3;3.0651;0
0.138453;2.2074;3.27077e-05;0.25;4992;67.3458;3;3.0651;0
0.139172;2.16609;3.21019e-05;0.25;1;67.7887;3;3.0668;0
0.138123;2.17028;3.24434e-05;0.25;1;67.6139;3;3.0751;0
0.137726;2.18102;3.2476e-05;0.25;1192;60.3548;3;3.0751;0
0.136326;2.17374;3.27502e-05;0.25;1;64.1062;3;3.0085;0
0.134325;2.18698;3.17786e-05;0.25;995;59.04;3;3.0194;0
0.136109;2.15832;3.26676e-05;0.25;1;68.0091;3;3.0237;0
0.135758;2.17138;3.19903e-05;0.25;1;67.8241;3;3.0601;0
0.137881;2.15825;3.18137e-05;0.25;998;58.8146;3;3.0601;0
0.138613;2.19866;3.22641e-05;0.25;1;68.0018;3;3.0107;0
0.137493;2.17193;3.23922e-05;0.25;1;67.8929;3;3.0855;0
0.134408;2.15955;3.28316e-05;0.25;1002;58.8773;3;3.0855;0
0.136769;2.16813;3.17836e-05;0.25;1;67.927;3;3.0135;0
0.13995;2.15705;3.26373e-05;0.25;1;67.7454;3;3.0221;0
0.134885;2.17732;3.19777e-05;0.25;1006;59.205;3;3.0221;0
0.13993;2.2062;3.28414e-05;0.25;1;67.3049;3;3.0545;0
0.139845;2.18074;3.28009e-05;0.25;1;66.9653;3;3.155;0
0.139806;2.18016;3.24687e-05;0.25;998;58.9835;3;3.155;0
0.139165;2.17078;3.18433e-05;0.25;1;67.4695;3;3.0988;0
0.138119;2.16844;3.22395e-05;0.25;1;67.3028;3;3.1843;0
0.138369;2.17867;3.22867e-05;0.25;1181;60.6854;3;3.1843;0
0.137844;2.20227;3.23414e-05;0.25;1;67.0995;3;3.1109;0
0.137528;2.1744;3.26154e-05;0.25;1;66.9174;3;3.2102;0
0.134386;2.197;3.23302e-05;0.25;2319;65.2005;3;3.2102;0
0.139766;2.21095;3.23185e-05;0.25;1;68.4194;3;3.0369;0
0.139164;2.19826;3.22896e-05;0.25;1;68.2408;3;3.0966;0
0.137635;2.20501;3.28462e-05;0.25;998;58.8931;3;3.0966;0
0.134554;2.15976;3.2147e-05;0.25;1;68.1598;3;3.048;0
0.135456;2.19163;3.21138e-05;0.25;1;67.7685;3;3.1315;0
0.138415;2.19339;3.20429e-05;0.25;998;59.045;3;3.1315;0
0.139491;2.20202;3.27905e-05;0.25;821;57.3694;3;3.0064;0
0.139812;2.18532;3.22525e-05;0.25;1;68.3697;3;3.0252;0
0.137119;2.19461;3.18442e-05;0.25;1;67.9957;3;3.0374;0
0.134364;2.19028;3.25038e-05;0.25;831;56.6839;3;3.0374;0
0.137795;2.18557;3.20217e-05;0.25;1;68.4511;3;3.1764;0
0.135394;2.15589;3.17001e-05;0.25;1;68.1194;3;3.3144;0
0.138895;2.19276;3.28098e-05;0.25;2314;65.1367;3;3.3144;0
0.138585;2.16588;3.18548e-05;0.25;1;68.1937;3;3.0222;0
0.136102;2.20145;3.24361e-05;0.25;1;68.0121;3;3.0645;0
0.137976;2.19307;3.22647e-05;0.25;3626;66.7147;3;3.0645;0
0.13894;2.20221;3.20882e-05;0.25;1;68.4307;3;3.0126;0
0.137049;2.1565;3.27449e-05;0.25;1185;60.5172;3;3.0019;0
0.136396;2.15606;3.21975e-05;0.25;1;63.6916;3;3.0185;0
0.138577;2.15904;3.28055e-05;0.25;1;63.5369;3;3.0435;0
0.138743;2.21039;3.23007e-05;0.25;1176;60.6048;3;3.0435;0
0.134627;2.18342;3.17833e-05;0.25;1;65.1841;3;3.0497;0
0.135882;2.19628;3.24469e-05;0.25;1;64.9943;3;3.1297;0
0.137329;2.16677;3.26096e-05;0.25;987;59.2187;3;3.1297;0
0.139302;2.1735;3.26178e-05;0.25;1;67.9074;3;3.0144;0
0.134784;2.1555;3.23534e-05;0.25;1;67.7232;3;3.0211;0
0.134511;2.18633;3.25605e-05;0.25;1005;59.3388;3;3.0211;0
0.136261;2.19545;3.27676e-05;0.25;1;67.3393;3;3.0712;0
0.138111;2.20944;3.18339e-05;0.25;987;59.2334;3;3.122;0
0.136624;2.1678;3.19367e-05;0.25;1;68.4771;3;3.037;0
0.13565;2.17621;3.26944e-05;0.25;1;68.2912;3;3.0841;0
0.139046;2.19914;3.22129e-05;0.25;992;59.1994;3;3.0841;0
0.139792;2.18889;3.23304e-05;0.25;1;68.0594;3;3.0314;0
0.137336;2.15501;3.26564e-05;0.25;1;67.7052;3;3.1932;0
0.134841;2.17875;3.26468e-05;0.25;1173;60.6112;3;3.1932;0
0.134416;2.19945;3.22076e-05;0.25;1;64.2148;3;3.0068;0
0.139126;2.15794;3.20387e-05;0.25;1;64.047;3;3.0333;0
0.137365;2.16465;3.27688e-05;0.25;988;59.0966;3;3.0333;0
0.138043;2.20125;3.24305e-05;0.25;1;67.9694;3;3.076;0
0.134547;2.19701;3.28734e-05;0.25;1;67.6135;3;3.2032;0
0.134953;2.18953;3.2644e-05;0.25;998;59.0237;3;3.2032;0
0.138302;2.21052;3.2168e-05;0.25;1;68.0533;3;3.0425;0
0.135901;2.18604;3.25841e-05;0.25;986;59.1867;3;3.1125;0
0.139085;2.19223;3.2667e-05;0.25;1;67.7883;3;3.0344;0
0.13805;2.16768;3.27352e-05;0.25;1007;59.2501;3;3.0675;0
0.135944;2.15219;3.21781e-05;0.25;991;59.0931;3;3.001;0
0.139223;2.1854;3.25391e-05;0.25;1;68.4285;3;3.1155;0
0.135817;2.1741;3.24596e-05;0.25;1;68.058;3;3.1962;0
0.135991;2.16219;3.2197e-05;0.25;1008;58.9244;3;3.1962;0
0.136243;2.16816;3.2477e-05;0.25;1;67.6022;3;3.0089;0
0.134623;2.16671;3.28398e-05;0.25;1;67.4609;3;3.0793;0
0.138865;2.20258;3.2848e-05;0.25;2314;65.12;3;3.0793;0
0.134833;2.18752;3.23384e-05;0.25;1;67.4373;3;3.0952;0
0.13976;2.1998;3.26803e-05;0.25;1;67.264;3;3.1181;0
0.135823;2.18491;3.25272e-05;0.25;2328;64.9054;3;3.1181;0
0.139746;2.19483;3.19072e-05;0.25;1;67.9894;3;3.0558;0
0.134428;2.18458;3.19638e-05;0.25;1;67.6392;3;3.1647;0
0.136147;2.20587;3.21447e-05;0.25;826;57.256;3;3.1647;0
0.135898;2.20085;3.17345e-05;0.25;1;68.5545;3;3.0124;0
0.137815;2.16951;3.262e-05;0.25;1;68.4018;3;3.0284;0
0.134705;2.17223;3.24977e-05;0.25;1005;58.7107;3;3.0284;0
0.137949;2.17468;3.19087e-05;0.25;993;59.2448;3;3.0006;0
0.134323;2.20922;3.27159e-05;0.25;1185;60.7922;3;3.0053;0
0.140063;2.16246;3.27582e-05;0.25;1;66.0101;3;3.029;0
0.139048;2.18;3.22864e-05;0.25;1;65.8399;3;3.0874;0
0.134889;2.20202;3.27685e-05;0.25;1176;60.6121;3;3.0874;0
0.136009;2.15953;3.25661e-05;0.25;1;64.0862;3;3.0113;0
0.137669;2.17301;3.28318e-05;0.25;1180;60.7533;3;3.0303;0
0.136763;2.15475;3.26209e-05;0.25;1;65.8124;3;3.0316;0
0.13995;2.1978;3.24183e-05;0.25;1;65.6464;3;3.1284;0
0.134597;2.16534;3.21388e-05;0.25;824;57.2051;3;3.1284;0
0.134311;2.16016;3.20333e-05;0.25;1;68.7062;3;3.0583;0
0.138139;2.20572;3.21052e-05;0.25;1;68.3591;3;3.175;0
0.134764;2.18875;3.26371e-05;0.25;4914;67.6484;3;3.175;0
0.134299;2.18939;3.18947e-05;0.25;1;68.4752;3;3.0285;0
0.135608;2.17698;3.28195e-05;0.25;824;57.2111;3;3.099;0
0.136751;2.20605;3.20472e-05;0.25;1;68.5245;3;3.076;0
0.138793;2.19685;3.24002e-05;0.25;1;68.0183;3;3.2448;0
0.140193;2.1653;3.28148e-05;0.25;1174;60.5385;3;3.2448;0
0.134643;2.21083;3.22767e-05;0.25;1;64.5487;3;3.0102;0
0.137083;2.16782;3.26443e-05;0.25;824;57.1218;3;3.1311;0
0.13612;2.15987;3.23873e-05;0.25;1;67.6591;3;3.0357;0
0.140075;2.20476;3.23488e-05;0.25;1;67.2885;3;3.0734;0
0.139746;2.18346;3.17353e-05;0.25;1177;60.7832;3;3.0734;0
0.135831;2.17379;3.17707e-05;0.25;1;65.9059;3;3.0326;0
0.138515;2.19758;3.28404e-05;0.25;1;65.735;3;3.1024;0
0.136362;2.18106;3.24932e-05;0.25;986;59.2388;3;3.1024;0
0.134891;2.19616;3.24824e-05;0.25;1;68.0624;3;3.0223;0
0.13728;2.15613;3.21826e-05;0.25;1;67.886;3;3.04;0
0.13918;2.19316;3.1951e-05;0.25;820;57.2361;3;3.04;0
0.135554;2.17113;3.21454e-05;0.25;1;68.2942;3;3.0463;0
0.134957;2.18058;3.2249e-05;0.25;1;68.1313;3;3.067;0
0.135398;2.18101;3.25547e-05;0.25;996;58.8685;3;3.067;0
0.137548;2.15551;3.17123e-05;0.25;1;67.5938;3;3.0327;0
0.138868;2.18222;3.26593e-05;0.25;1;67.2274;3;3.0558;0
0.138264;2.15361;3.22609e-05;0.25;995;59.0927;3;3.0558;0
0.137222;2.18394;3.20256e-05;0.25;1;68.4585;3;3.0212;0
0.138699;2.15337;3.24471e-05;0.25;3811;66.7612;3;3.0445;0
0.137532;2.19094;3.23095e-05;0.25;1;65.931;3;3.007;0
0.135784;2.18862;3.18589e-05;0.25;3623;66.7837;3;3.0444;0
0.138298;2.20851;3.23135e-05;0.25;1;68.3969;3;3.0406;0
0.137252;2.16931;3.18906e-05;0.25;1;68.218;3;3.0869;0
0.139512;2.16772;3.18953e-05;0.25;3616;66.7686;3;3.0869;0
0.135651;2.2096;3.1707e-05;0.25;1;66.3185;3;3.002;0
0.137652;2.18573;3.27909e-05;0.25;2477;65.6153;3;3.0365;0
0.135374;2.17338;3.26904e-05;0.25;1;64.425;3;3.0248;0
0.139634;2.20249;3.17969e-05;0.25;1;64.2561;3;3.0703;0
0.139241;2.18256;3.24721e-05;0.25;1178;60.5655;3;3.0703;0
0.139682;2.19464;3.22835e-05;0.25;1;63.9727;3;3.0613;0
0.136152;2.18248;3.24013e-05;0.25;1182;60.7294;3;3.0743;0
0.135046;2.20745;3.2697e-05;0.25;1;65.4282;3;3.0322;0
0.139395;2.16151;3.26997e-05;0.25;1;65.0992;3;3.1248;0
0.136782;2.21077;3.17263e-05;0.25;1171;60.8136;3;3.1248;0
0.136667;2.18486;3.25439e-05;0.25;1;64.5495;3;3.0147;0
0.139057;2.20638;3.18131e-05;0.25;1;64.192;3;3.0991;0
0.136052;2.20107;3.22497e-05;0.25;1174;60.7776;3;3.0991;0
0.140151;2.18874;3.2567e-05;0.25;1;64.2749;3;3.0301;0
0.139388;2.20325;3.28095e-05;0.25;1;63.9428;3;3.125;0
0.135339;2.19661;3.1779e-05;0.25;1163;60.7954;3;3.125;0
0.137464;2.15268;3.24321e-05;0.25;981;58.929;3;3.0013;0
0.139122;2.18164;3.28813e-05;0.25;1;68.7405;3;3.0273;0
0.135883;2.16367;3.18039e-05;0.25;1;68.4225;3;3.1067;0
0.139964;2.20973;3.25602e-05;0.25;3595;66.9557;3;3.1067;0
0.13984;2.17468;3.176e-05;0.25;1;68.2837;3;3.1032;0
0.13583;2.20693;3.2774e-05;0.25;1;68.0804;3;3.3197;0
0.137853;2.17179;3.2302e-05;0.25;1000;59.346;3;3.3197;0
0.135391;2.19844;3.25623e-05;0.25;1;67.0337;3;3.072;0
0.134443;2.21133;3.23586e-05;0.25;1;66.8409;3;3.0997;0
0.139243;2.18874;3.25389e-05;0.25;1173;60.7008;3;3.0997;0
0.136289;2.15896;3.18222e-05;0.25;1;64.5525;3;3.0412;0
0.137631;2.17045;3.22837e-05;0.25;1;64.3901;3;3.0593;0
0.134439;2.17478;3.22224e-05;0.25;1175;60.5603;3;3.0593;0
0.136357;2.19329;3.21338e-05;0.25;7522;68.4261;3;3.0169;0
0.137825;2.15313;3.22895e-05;0.25;1;68.7534;3;3.0427;0
0.140176;2.17258;3.22937e-05;0.25;1;68.3602;3;3.1715;0
0.134964;2.16936;3.17771e-05;0.25;1178;60.7083;3;3.1715;0
0.136774;2.15818;3.2602e-05;0.25;1;64.8009;3;3.0406;0
0.138328;2.18393;3.23282e-05;0.25;1;64.4724;3;3.1259;0
0.138772;2.15339;3.19862e-05;0.25;986;58.616;3;3.1259;0
0.138713;2.17529;3.28082e-05;0.25;1;68.4411;3;3.0472;0
0.136601;2.20906;3.19583e-05;0.25;2507;65.4062;3;3.1157;0
0.135589;2.19394;3.1852e-05;0.25;1;67.0944;3;3.037;0
0.136862;2.1632;3.249e-05;0.25;1183;60.446;3;3.2301;0
0.140135;2.15765;3.27795e-05;0.25;1;64.3222;3;3.0702;0
0.13947;2.15757;3.18225e-05;0.25;1;64.1333;3;3.1058;0
0.138485;2.17669;3.24608e-05;0.25;821;56.7688;3;3.1058;0
0.135329;2.18412;3.17544e-05;0.25;1;69.8345;3;3.0263;0
0.135714;2.15337;3.2503e-05;0.25;1;69.4731;3;3.1807;0
0.137892;2.16914;3.26321e-05;0.25;1188;60.4717;3;3.1807;0
0.134316;2.20397;3.2672e-05;0.25;1;64.6143;3;3.0323;0
0.139506;2.15456;3.27673e-05;0.25;1181;60.5341;3;3.0612;0
0.139361;2.16598;3.24491e-05;0.25;1;64.7656;3;3.029;0
0.13476;2.15741;3.21552e-05;0.25;1;64.4009;3;3.1269;0
0.138698;2.19026;3.27905e-05;0.25;1173;60.7553;3;3.1269;0
0.139065;2.19113;3.27707e-05;0.25;1;64.5574;3;3.1526;0
0.134236;2.20956;3.25989e-05;0.25;2494;65.4877;3;3.2179;0
0.136249;2.17019;3.18557e-05;0.25;1;65.0048;3;3.0335;0
0.135641;2.16968;3.25603e-05;0.25;1;64.8457;3;3.054;0
0.136662;2.20365;3.27699e-05;0.25;1177;60.5911;3;3.054;0
0.139891;2.16989;3.20476e-05;0.25;1;63.7116;3;3.1242;0
0.135935;2.17386;3.18745e-05;0.25;834;57.0292;3;3.1789;0
0.136594;2.16067;3.17086e-05;0.25;1;68.0892;3;3.0027;0
0.138516;2.19626;3.21558e-05;0.25;825;57.1861;3;3.0154;0
0.137653;2.18413;3.22338e-05;0.25;1;68.3112;3;3.0801;0
0.136757;2.15363;3.204e-05;0.25;1;68.1228;3;3.0931;0
0.139059;2.18187;3.19703e-05;0.25;3835;66.6855;3;3.0931;0
0.135611;2.20523;3.269e-05;0.25;1;66.9289;3;3.0019;0
0.139963;2.18464;3.27337e-05;0.25;1182;60.5936;3;3.0567;0
0.135527;2.20886;3.213e-05;0.25;1;64.4503;3;3.0388;0
0.136006;2.20794;3.21378e-05;0.25;820;57.3192;3;3.0477;0
0.138202;2.20055;3.28942e-05;0.25;1;68.7059;3;3.111;0
0.13889;2.1993;3.27513e-05;0.25;1;68.3997;3;3.1862;0
0.138921;2.18949;3.17386e-05;0.25;3488;66.255;3;3.1862;0
0.137846;2.19655;3.23957e-05;0.25;1;67.1473;3;3.0312;0
0.135849;2.16563;3.24334e-05;0.25;1;66.9564;3;3.0771;0
0.139411;2.15916;3.24445e-05;0.25;824;57.1757;3;3.0771;0
0.136749;2.18585;3.24284e-05;0.25;1;68.2132;3;3.0005;0
0.139638;2.17106;3.26139e-05;0.25;1;67.833;3;3.0934;0
0.138538;2.18547;3.2504e-05;0.25;982;58.7851;3;3.0934;0
0.137586;2.18432;3.207e-05;0.25;1;68.5148;3;3.0037;0
0.139306;2.17861;3.26577e-05;0.25;1;68.3392;3;3.0731;0
0.13622;2.16262;3.28669e-05;0.25;993;59.0474;3;3.0731;0
0.13666;2.18017;3.25125e-05;0.25;1;68.6157;3;3.0911;0
0.139491;2.17111;3.26054e-05;0.25;7584;68.1741;3;3.1325;0
0.137816;2.18171;3.21342e-05;0.25;1;68.6741;3;3.0365;0
0.138001;2.17555;3.18838e-05;0.25;1;68.5002;3;3.0988;0
0.138157;2.16366;3.20594e-05;0.25;984;59.1844;3;3.0988;0
0.134397;2.16355;3.21037e-05;0.25;1;68.2106;3;3.0256;0
0.135117;2.18354;3.27786e-05;0.25;1;68.0246;3;3.0432;0
0.135852;2.2002;3.17902e-05;0.25;3597;67.1251;3;3.0432;0
0.138501;2.20591;3.28888e-05;0.25;1;67.3206;3;3.0354;0
0.136059;2.2082;3.20887e-05;0.25;1;66.9764;3;3.0565;0
0.138357;2.1729;3.21101e-05;0.25;2308;65.0125;3;3.0565;0
0.13967;2.16935;3.24492e-05;0.25;1;68.4707;3;3.012;0
0.139234;2.17387;3.28557e-05;0.25;1168;60.6975;3;3.1193;0
0.140104;2.16242;3.26365e-05;0.25;1;63.7932;3;3.0721;0
0.136394;2.19448;3.18291e-05;0.25;1;63.6328;3;3.095;0
0.13433;2.16487;3.26662e-05;0.25;826;57.1572;3;3.095;0
0.137276;2.1941;3.20847e-05;0.25;1;68.2996;3;3.0121;0
0.136461;2.15847;3.19152e-05;0.25;1;68.1616;3;3.0704;0
0.13665;2.20339;3.24927e-05;0.25;3826;66.6991;3;3.0704;0
0.13864;2.1679;3.25599e-05;0.25;1;64.5487;3;3.0389;0
0.140207;2.18563;3.22977e-05;0.25;1;64.3751;3;3.0634;0
0.136227;2.20021;3.17246e-05;0.25;1170;60.6127;3;3.0634;0
0.136168;2.15651;3.23203e-05;0.25;1;64.9987;3;3.0228;0
0.138779;2.1955;3.19873e-05;0.25;985;59.4097;3;3.1146;0
0.138199;2.20443;3.18887e-05;0.25;1;67.3836;3;3.0049;0
0.134571;2.15868;3.21483e-05;0.25;986;58.932;3;3.0407;0
0.139706;2.16277;3.19792e-05;0.25;1;67.6675;3;3.0735;0
0.139897;2.15848;3.17836e-05;0.25;2165;64.1315;3;3.14;0
0.134669;2.20815;3.2462e-05;0.25;1;67.9652;3;3.007;0
0.134985;2.15799;3.27356e-05;0.25;1;67.7911;3;3.0325;0
0.137724;2.18622;3.2264e-05;0.25;1174;60.6704;3;3.0325;0
0.136288;2.19174;3.24198e-05;0.25;1;64.5218;3;3.0138;0
0.138259;2.15257;3.18827e-05;0.25;1168;60.6575;3;3.0487;0
0.137227;2.20743;3.20612e-05;0.25;1;64.8786;3;3.1071;0
0.134764;2.16397;3.17143e-05;0.25;991;58.9326;3;3.1725;0
0.135914;2.15693;3.17407e-05;0.25;1;67.9097;3;3.0238;0
0.138218;2.18675;3.18822e-05;0.25;1171;60.6784;3;3.0897;0
0.138597;2.1915;3.22266e-05;0.25;1;65.1015;3;3.0301;0
0.134399;2.20253;3.20342e-05;0.25;1173;60.6523;3;3.1019;0
0.134764;2.16648;3.19158e-05;0.25;1;64.6438;3;3.019;0
0.135833;2.17158;3.28347e-05;0.25;1;64.286;3;3.1106;0
0.13972;2.19128;3.27996e-05;0.25;1177;60.516;3;3.1106;0
0.135222;2.18101;3.23502e-05;0.25;1;64.5882;3;3.0016;0
0.137644;2.20214;3.17285e-05;0.25;990;59.3998;3;3.041;0
0.137333;2.18899;3.17046e-05;0.25;1;66.7487;3;3.0034;0
0.134352;2.20601;3.25046e-05;0.25;992;59.4116;3;3.0161;0
0.13802;2.16962;3.18015e-05;0.25;1;67.1265;3;3.0116;0
0.138529;2.18282;3.27401e-05;0.25;1158;60.6084;3;3.0239;0
0.138206;2.18969;3.23256e-05;0.25;1;66.2884;3;3.0053;0
0.138764;2.17414;3.22732e-05;0.25;3623;66.4985;3;3.0109;0
0.135999;2.15949;3.22567e-05;0.25;1;68.3683;3;3.0741;0
0.137202;2.16475;3.26252e-05;0.25;1;68.188;3;3.1609;0
0.135979;2.17604;3.18638e-05;0.25;1167;60.7628;3;3.1609;0
0.134633;2.15569;3.18809e-05;0.25;1;65.1307;3;3.0548;0
0.134663;2.19342;3.23376e-05;0.25;1;64.9437;3;3.1364;0
0.13442;2.16669;3.22903e-05;0.25;987;59.4396;3;3.1364;0
0.135038;2.17882;3.23635e-05;0.25;1;66.7788;3;3.0714;0
0.13694;2.1883;3.28357e-05;0.25;828;56.9892;3;3.1036;0
0.138305;2.19522;3.22562e-05;0.25;1;67.9207;3;3.0467;0
0.135347;2.18291;3.2449e-05;0.25;1;67.7583;3;3.0397;0
0.13828;2.18503;3.21197e-05;0.25;1173;60.6775;3;3.0397;0
0.136107;2.18557;3.18658e-05;0.25;1;65.2937;3;3.0204;0
0.135685;2.21092;3.24325e-05;0.25;1167;60.7755;3;3.0354;0
0.136141;2.17449;3.20582e-05;0.25;1;64.0715;3;3.0113;0
0.135302;2.20854;3.18557e-05;0.25;1;63.7562;3;3.0671;0
0.135521;2.16451;3.1712e-05;0.25;988;59.0043;3;3.0671;0
0.136851;2.16049;3.17478e-05;0.25;1;67.6707;3;3.0642;0
0.137448;2.20394;3.26821e-05;0.25;4787;67.4393;3;3.1155;0
0.135575;2.18476;3.23209e-05;0.25;1;68.1717;3;3.1858;0
0.136806;2.18087;3.26792e-05;0.25;1;67.9473;3;3.2494;0
0.136671;2.20252;3.20471e-05;0.25;994;59.062;3;3.2494;0
0.139127;2.15331;3.22135e-05;0.25;1;67.9194;3;3.0106;0
0.137539;2.1978;3.2899e-05;0.25;2136;64.975;3;3.017;0
0.139911;2.15406;3.24839e-05;0.25;1;67.7337;3;3.0534;0
0.137547;2.20126;3.26777e-05;0.25;1;67.3452;3;3.1329;0
0.134852;2.18317;3.18138e-05;0.25;992;59.5274;3;3.1329;0
0.139177;2.18017;3.26685e-05;0.25;1;67.1925;3;3.027;0
0.135779;2.20875;3.22325e-05;0.25;1175;60.6863;3;3.0228;0
0.139485;2.17364;3.22262e-05;0.25;1;65.8925;3;3.0066;0
0.139721;2.1657;3.23911e-05;0.25;985;58.7982;3;3.0679;0
0.134422;2.15346;3.2797e-05;0.25;1;68.5104;3;3.0384;0
0.137061;2.18569;3.2485e-05;0.25;985;58.8171;3;3.0627;0
0.139733;2.15398;3.2885e-05;0.25;1;67.8642;3;3.1319;0
0.138116;2.17707;3.24141e-05;0.25;1168;60.565;3;3.2158;0
0.139744;2.1878;3.24962e-05;0.25;1;64.4598;3;3.0122;0
0.137115;2.2064;3.26534e-05;0.25;1;64.2936;3;3.0635;0
0.135685;2.17525;3.25558e-05;0.25;989;59.1831;3;3.0635;0
0.134536;2.20908;3.2791e-05;0.25;1;68.1018;3;3.024;0
0.136995;2.15625;3.23697e-05;0.25;1165;60.9135;3;3.0493;0
0.13765;2.16913;3.27068e-05;0.25;1;65.9235;3;3.0134;0
0.135535;2.15653;3.21687e-05;0.25;1;65.3633;3;3.2449;0
0.137572;2.20841;3.27819e-05;0.25;7543;68.3463;3;3.2449;0
0.139524;2.18445;3.2413e-05;0.25;1;66.2287;3;3.02;0
0.140054;2.17214;3.2614e-05;0.25;1;66.0449;3;3.0877;0
0.134976;2.17587;3.17428e-05;0.25;819;56.9557;3;3.0877;0
0.134695;2.18386;3.17552e-05;0.25;1;68.6337;3;3.1033;0
0.137524;2.16707;3.21261e-05;0.25;1;68.4643;3;3.1625;0
0.138319;2.19415;3.22844e-05;0.25;1167;60.8737;3;3.1625;0
0.13853;2.199;3.21126e-05;0.25;1;64.2407;3;3.0058;0
0.137713;2.17517;3.28325e-05;0.25;817;57.1672;3;3.0006;0
0.136853;2.20623;3.17538e-05;0.25;1;68.6385;3;3.0172;0
0.135674;2.20693;3.20396e-05;0.25;1172;60.638;3;3.0862;0
0.135106;2.16475;3.27098e-05;0.25;1;65.4186;3;3.023;0
0.134957;2.15645;3.22598e-05;0.25;1168;60.797;3;3.0933;0
0.136421;2.20499;3.23501e-05;0.25;1;65.3248;3;3.0509;0
0.136552;2.16397;3.193e-05;0.25;2289;65.0954;3;3.1044;0
0.139406;2.19664;3.28368e-05;0.25;1;67.6126;3;3.0319;0
0.135067;2.18811;3.25727e-05;0.25;985;59.1741;3;3.1069;0
0.134642;2.15889;3.18005e-05;0.25;1;67.5209;3;3.0525;0
0.137574;2.16112;3.28798e-05;0.25;3610;66.5447;3;3.0935;0
0.140139;2.20869;3.21094e-05;0.25;1;68.8446;3;3.0824;0
0.134537;2.1779;3.24849e-05;0.25;980;58.9638;3;3.1511;0
0.13682;2.16246;3.17428e-05;0.25;1;67.4071;3;3.01;0
0.13984;2.21068;3.19411e-05;0.25;974;59.206;3;3.0253;0
0.134609;2.17655;3.20941e-05;0.25;1;68.9646;3;3.0581;0
0.140149;2.20709;3.19169e-05;0.25;964;59.0897;3;3.0996;0
0.134445;2.20248;3.28409e-05;0.25;1;68.6335;3;3.0005;0
0.139924;2.20556;3.28443e-05;0.25;992;58.9856;3;3.0132;0
0.138452;2.1821;3.17992e-05;0.25;1168;60.9178;3;3.0037;0
0.136551;2.20958;3.18271e-05;0.25;1;65.3874;3;3.0004;0
0.135778;2.17768;3.24694e-05;0.25;1;64.9049;3;3.0669;0
0.139969;2.19941;3.24283e-05;0.25;1161;60.6309;3;3.0669;0
0.134298;2.19097;3.24843e-05;0.25;1;64.12;3;3.0147;0
0.135186;2.17415;3.28928e-05;0.25;3589;66.9196;3;3.0183;0
0.139629;2.1978;3.21056e-05;0.25;1;67.3605;3;3.1501;0
0.135446;2.1759;3.26985e-05;0.25;2136;64.8238;3;3.1996;0
0.13591;2.18847;3.21909e-05;0.25;1;66.6729;3;3.021;0
0.138129;2.18601;3.20423e-05;0.25;1;66.5048;3;3.012;0
0.138759;2.19485;3.27358e-05;0.25;1164;60.74;3;3.012;0
0.136788;2.18153;3.23428e-05;0.25;1;64.9831;3;3.0747;0
0.137833;2.19445;3.20368e-05;0.25;2268;65.3065;3;3.1486;0
0.136691;2.18439;3.19728e-05;0.25;1;68.0079;3;3.0461;0
0.138744;2.19043;3.22925e-05;0.25;1161;60.8572;3;3.1164;0
0.138412;2.1823;3.23474e-05;0.25;1;64.6782;3;3.0316;0
0.139906;2.19489;3.25137e-05;0.25;2463;65.483;3;3.0831;0
0.135165;2.17542;3.19958e-05;0.25;1;64.2401;3;3.1199;0
0.137446;2.15274;3.27729e-05;0.25;1174;60.4027;3;3.1777;0
0.13923;2.17757;3.21212e-05;0.25;1;67.0659;3;3.0491;0
0.135874;2.18181;3.27606e-05;0.25;982;59.1933;3;3.3143;0
0.136971;2.19411;3.24576e-05;0.25;1;68.4941;3;3.0408;0
0.139528;2.16022;3.28401e-05;0.25;982;58.7388;3;3.0792;0
0.139179;2.16876;3.27219e-05;0.25;1;68.4313;3;3.0422;0
0.135538;2.15727;3.24605e-05;0.25;826;56.9696;3;3.1127;0
0.137532;2.19561;3.24308e-05;0.25;1;68.2229;3;3.0383;0
0.13437;2.21022;3.27793e-05;0.25;1;68.0751;3;3.0445;0
0.135013;2.16578;3.26116e-05;0.25;988;59.0294;3;3.0445;0
0.135612;2.1632;3.25799e-05;0.25;1;68.3472;3;3.023;0
0.140196;2.15679;3.25849e-05;0.25;1166;60.4354;3;3.0483;0
0.135849;2.17863;3.28511e-05;0.25;1;64.5784;3;3.1228;0
0.139443;2.16309;3.26475e-05;0.25;1;64.4192;3;3.2498;0
0.13507;2.16327;3.22745e-05;0.25;987;59.2803;3;3.2498;0
0.138458;2.19309;3.22588e-05;0.25;1;67.8136;3;3.0815;0
0.138038;2.18327;3.1765e-05;0.25;990;59.3707;3;3.1401;0
0.14008;2.18158;3.22886e-05;0.25;1;67.8112;3;3.0375;0
0.139785;2.19487;3.18086e-05;0.25;2476;65.5358;3;3.0911;0
0.139331;2.15436;3.17312e-05;0.25;1;64.4678;3;3.0264;0
0.139249;2.15424;3.21807e-05;0.25;1166;60.6198;3;3.0418;0
0.139907;2.16107;3.18569e-05;0.25;1;64.6354;3;3.0806;0
0.136228;2.20232;3.24126e-05;0.25;1;64.4459;3;3.1049;0
0.137569;2.18208;3.24849e-05;0.25;2500;65.1861;3;3.1049;0
0.138444;2.20333;3.18234e-05;0.25;1;66.7848;3;3.0404;0
0.13816;2.20323;3.19508e-05;0.25;985;58.9989;3;3.3077;0
0.135994;2.17995;3.25259e-05;0.25;1;67.6763;3;3.063;0
0.137036;2.15861;3.24339e-05;0.25;981;58.9776;3;3.0919;0
0.138569;2.19888;3.23137e-05;0.25;1;67.9982;3;3.0205;0
0.136471;2.20909;3.23122e-05;0.25;1;67.445;3;3.1097;0
0.137213;2.2053;3.18628e-05;0.25;815;57.4029;3;3.1097;0
0.14022;2.1836;3.19649e-05;0.25;1;68.1722;3;3.0765;0
0.139775;2.18896;3.21209e-05;0.25;986;59.0573;3;3.0949;0
0.13721;2.19422;3.21119e-05;0.25;1;67.8988;3;3.039;0
0.138755;2.19677;3.24242e-05;0.25;1167;60.7765;3;3.0588;0
0.139689;2.18681;3.19802e-05;0.25;1;64.1825;3;3.0486;0
0.135804;2.19587;3.20512e-05;0.25;1159;60.7279;3;3.1302;0
0.136264;2.19506;3.25585e-05;0.25;1;64.9841;3;3.0134;0
0.135814;2.17613;3.18711e-05;0.25;974;59.1919;3;3.0968;0
0.137138;2.15623;3.24434e-05;0.25;1;68.6837;3;3.0283;0
0.136108;2.20284;3.24976e-05;0.25;1;68.4942;3;3.0847;0
0.135145;2.19464;3.22517e-05;0.25;814;57.1739;3;3.0847;0
0.134408;2.19909;3.26142e-05;0.25;1;68.9107;3;3.0282;0
0.134972;2.17921;3.25287e-05;0.25;2289;65.033;3;3.0598;0
0.13831;2.15508;3.19583e-05;0.25;1;67.9086;3;3.0377;0
0.137947;2.19325;3.20214e-05;0.25;982;59.1958;3;3.0921;0
0.135652;2.20935;3.18288e-05;0.25;1;67.2628;3;3.0738;0
0.13454;2.16831;3.25837e-05;0.25;1160;60.7037;3;3.0829;0
0.137689;2.18655;3.26995e-05;0.25;1;64.7466;3;3.0672;0
0.137162;2.21083;3.26562e-05;0.25;1154;60.7377;3;3.153;0
0.138538;2.15283;3.28335e-05;0.25;1;64.7192;3;3.0316;0
0.13704;2.17725;3.27013e-05;0.25;982;59.1472;3;3.1087;0
0.135774;2.2104;3.2658e-05;0.25;985;59.4063;3;3.0002;0
0.134428;2.1988;3.25423e-05;0.25;1170;60.5036;3;3.0055;0
0.136128;2.15257;3.27175e-05;0.25;1;63.2435;3;3.0291;0
0.13572;2.16416;3.17565e-05;0.25;1;62.97;3;3.0164;0
0.135434;2.17134;3.17943e-05;0.25;988;58.7169;3;3.0164;0
0.13869;2.18857;3.1773e-05;0.25;1;67.3106;3;3.0039;0
0.139769;2.19012;3.26564e-05;0.25;1160;60.8535;3;3.0291;0
0.134429;2.16499;3.26365e-05;0.25;1;66.4774;3;3.0007;0
0.134671;2.20703;3.22956e-05;0.25;1205;60.178;3;3.0986;0
0.139474;2.16787;3.18776e-05;0.25;978;56.1844;3;3.0096;0
0.138067;2.18608;3.21075e-05;0.25;1;61.3557;3;3.0177;0
0.138043;2.20303;3.22924e-05;0.25;718;49.7473;3;3.0167;0
0.134483;2.20217;3.25219e-05;0.25;1;63.1788;3;3.0181;0
0.139476;2.21134;3.23439e-05;0.25;977;54.5278;3;3.0068;0
0.137927;2.19682;3.27624e-05;0.25;1068;54.8851;3;3.0808;0
0.139692;2.17082;3.23958e-05;0.25;1;64.163;3;3.0885;0
0.134925;2.1706;3.22469e-05;0.25;1;63.9893;3;3.2551;0
0.135748;2.19014;3.25469e-05;0.25;955;55.6393;3;3.2551;0
0.139977;2.17014;3.27637e-05;0.25;1;66.4403;3;3.0749;0
0.135593;2.18278;3.2053e-05;0.25;1044;55.4308;3;3.1746;0
0.13574;2.19532;3.21134e-05;0.25;1;64.9523;3;3.1554;0
0.136357;2.19329;3.21e-05;0.57;1239;59.7239;3;2.9374;0
0.136357;2.19329;3.21e-05;0.25;1;65.4228;3;3.0292;0
0.136357;2.19329;3.21e-05;0.25;1;65.2553;3;3.1062;0
0.136357;2.19329;3.21e-05;0.25;885;55.846;3;3.1062;0
0.136357;2.19329;3.21e-05;0.25;1;66.5385;3;3.0466;0
0.136357;2.19329;3.21e-05;0.25;1;66.4285;3;3.1375;0
0.136357;2.19329;3.21e-05;0.25;1254;59.5193;3;3.1375;0
0.136357;2.19329;3.21e-05;0.25;1;66.1448;3;3.1028;0
0.136357;2.19329;3.21e-05;0.25;1;65.9774;3;3.2169;0
0.136357;2.19329;3.21e-05;0.25;885;56.0098;3;3.2169;0
0.136357;2.19329;3.21e-05;0.25;1;66.3996;3;3.0786;0
0.136357;2.19329;3.21e-05;0.25;1;66.0843;3;3.2126;0
0.136357;2.19329;3.21e-05;0.25;879;56.1037;3;3.2126;0
0.136357;2.19329;3.21e-05;0.25;1;66.3724;3;3.1063;0
0.136357;2.19329;3.21e-05;0.25;1;66.2446;3;3.1509;0
0.134282;2.21209;3.17897e-05;0.57;860;56.1253;3;3.0248;0
0.135847;2.20498;3.21604e-05;0.25;1;66.9826;3;3.0252;0
0.137905;2.19385;3.25951e-05;0.25;1;66.7481;3;3.0466;0
0.13869;2.18974;3.2253e-05;0.25;886;55.5781;3;3.0466;0
0.138665;2.21047;3.1894e-05;0.25;1;66.1189;3;3.0635;0
0.13593;2.194;3.23898e-05;0.25;1;65.9887;3;3.1124;0
0.136578;2.17378;3.20323e-05;0.25;874;56.2119;3;3.1124;0
0.138082;2.20639;3.17919e-05;0.25;1;66.5202;3;3.2395;0
0.137759;2.17799;3.21791e-05;0.25;1;66.4235;3;3.3528;0
0.135428;2.18907;3.25923e-05;0.25;884;56.1431;3;3.3528;0
0.134677;2.18536;3.16762e-05;0.25;1;66.5986;3;3.2027;0
0.13473;2.17108;3.20674e-05;0.25;1;66.2189;3;3.3832;0
0.137228;2.17249;3.19898e-05;0.25;882;55.7004;3;3.3832;0
0.134684;2.21685;3.24706e-05;0.25;1;67.2999;3;3.0347;0
0.13722;2.1975;3.1855e-05;0.25;892;55.9002;3;2.9978;0
0.136822;2.18233;3.18705e-05;0.25;1;66.6664;3;3.0448;0
0.134337;2.19965;3.17513e-05;0.25;1;66.0803;3;3.1481;0
0.138601;2.17134;3.23351e-05;0.25;890;55.7408;3;3.1481;0
0.136184;2.17997;3.21715e-05;0.25;1;66.4109;3;3.1165;0
0.13688;2.20279;3.22647e-05;0.25;1;66.2884;3;3.1665;0
0.134725;2.20536;3.24249e-05;0.25;883;56.1913;3;3.1665;0
0.137622;2.1846;3.21326e-05;0.25;1;67.1573;3;3.0314;0
0.134595;2.20734;3.25125e-05;0.25;1;66.9862;3;3.0347;0
0.137829;2.16974;3.21101e-05;0.25;862;56.2145;3;3.0547;0
0.135335;2.19617;3.21042e-05;0.25;1;67.1018;3;3.1156;0
0.135407;2.21645;3.25645e-05;0.25;1;66.7254;3;3.1718;0
0.1361;2.18386;3.16562e-05;0.25;875;56.2434;3;3.1718;0
0.137867;2.21651;3.16511e-05;0.25;1;66.9101;3;3.177;0
0.135056;2.17432;3.21348e-05;0.25;1;66.7376;3;3.2378;0
0.136464;2.18513;3.19176e-05;0.25;873;56.0499;3;3.2378;0
0.138746;2.20457;3.25536e-05;0.25;1;66.9433;3;3.0544;0
0.134104;2.19677;3.16608e-05;0.25;1;66.7086;3;3.1285;0
0.137915;2.21629;3.18258e-05;0.25;875;56.1321;3;3.1285;0
0.135889;2.199;3.23546e-05;0.25;1;67.2465;3;3.0424;0
0.138437;2.17104;3.24306e-05;0.25;1;66.9589;3;3.083;0
0.138375;2.17774;3.21668e-05;0.25;870;55.9926;3;3.083;0
0.135498;2.18823;3.20646e-05;0.25;1;66.8921;3;3.0799;0
0.134773;2.18165;3.22105e-05;0.25;1;66.7582;3;3.1054;0
0.13484;2.17607;3.22693e-05;0.25;878;55.6271;3;3.1054;0
0.137866;2.17677;3.20714e-05;0.25;1;66.6707;3;3.037;0
0.135136;2.217;3.22988e-05;0.25;1;66.5713;3;3.1173;0
0.138094;2.17262;3.17918e-05;0.25;1060;58.2762;3;3.1173;0
0.133898;2.19039;3.19896e-05;0.25;1;66.585;3;3.0557;0
0.134535;2.18125;3.20614e-05;0.25;1;66.3989;3;3.0557;0
0.137349;2.17922;3.17823e-05;0.25;874;55.6808;3;3.0557;0
0.135829;2.17613;3.23157e-05;0.25;1;67.7156;3;3.0553;0
0.136223;2.18665;3.16003e-05;0.25;1;67.1807;3;3.1444;0
0.138718;2.18093;3.22543e-05;0.25;1051;57.9914;3;3.1444;0
0.138558;2.19791;3.25039e-05;0.25;1;67.171;3;3.0945;0
0.135515;2.18388;3.22754e-05;0.25;1;66.8177;3;3.1659;0
0.136106;2.18892;3.22183e-05;0.25;873;56.0921;3;3.1659;0
0.13758;2.17156;3.2276e-05;0.25;1;67.2286;3;3.0806;0
0.133948;2.19495;3.25382e-05;0.25;1;66.8982;3;3.1527;0
0.135747;2.19292;3.22758e-05;0.25;878;56.0385;3;3.1527;0
0.137778;2.21219;3.23271e-05;0.25;1;67.478;3;3.1821;0
0.135465;2.17626;3.18372e-05;0.25;1;67.3414;3;3.2646;0
0.134917;2.17963;3.21782e-05;0.25;861;56.5182;3;3.2646;0
0.137621;2.20722;3.17334e-05;0.25;1;67.3811;3;3.1166;0
0.135759;2.18722;3.19045e-05;0.25;1;67.0081;3;3.1706;0
0.137081;2.20878;3.23828e-05;0.25;875;55.7887;3;3.1706;0
0.136479;2.17933;3.2234e-05;0.25;1;67.1056;3;3.0177;0
0.137055;2.20476;3.22804e-05;0.25;1;66.5784;3;3.0845;0
0.135854;2.16963;3.18629e-05;0.25;871;56.2137;3;3.0845;0
0.138177;2.20021;3.22244e-05;0.25;1;67.1944;3;3.0817;0
0.136987;2.19759;3.25665e-05;0.25;1;67.071;3;3.1458;0
0.136934;2.19177;3.2221e-05;0.25;875;56.1897;3;3.1458;0
0.134651;2.17613;3.2465e-05;0.25;1;67.6041;3;3.1279;0
0.134341;2.19109;3.19257e-05;0.25;1;67.5042;3;3.2056;0
0.136429;2.17571;3.16697e-05;0.25;880;56.1476;3;3.2056;0
0.134005;2.2165;3.25587e-05;0.25;1;67.0353;3;3.0937;0
0.133867;2.1875;3.20057e-05;0.25;1;66.8527;3;3.1109;0
0.134862;2.18639;3.23346e-05;0.25;877;56.2395;3;3.1109;0
0.136983;2.18642;3.17171e-05;0.25;1;66.6349;3;3.0674;0
0.137159;2.21022;3.17732e-05;0.25;1;66.2889;3;3.0623;0
0.134756;2.19971;3.20802e-05;0.25;871;56.2668;3;3.0623;0
0.136013;2.20548;3.16289e-05;0.25;1;66.872;3;3.1056;0
0.134267;2.19847;3.22512e-05;0.25;1;66.3817;3;3.1962;0
0.138127;2.18257;3.22509e-05;0.25;1251;59.5025;3;3.1962;0
0.134214;2.17612;3.17259e-05;0.25;866;56.3571;3;3.0085;0
0.138586;2.21424;3.25185e-05;0.25;1;67.3019;3;3.1272;0
0.134428;2.20444;3.23388e-05;0.25;1;67.1378;3;3.1718;0
0.136348;2.20233;3.23303e-05;0.25;876;56.3042;3;3.1718;0
0.138394;2.2117;3.24051e-05;0.25;1;67.4366;3;3.0424;0
0.138192;2.18947;3.20806e-05;0.25;1;67.0448;3;3.1244;0
0.137714;2.1797;3.16154e-05;0.25;880;55.9287;3;3.1244;0
0.138347;2.19776;3.16855e-05;0.25;1;66.966;3;3.0795;0
0.134685;2.1832;3.25874e-05;0.25;1;66.8186;3;3.1124;0
0.138483;2.20957;3.24316e-05;0.25;873;56.11;3;3.1124;0
0.134776;2.20083;3.18222e-05;0.25;1;66.5155;3;3.0394;0
0.135804;2.20293;3.16547e-05;0.25;1;66.4148;3;3.1068;0
0.138159;2.20173;3.22708e-05;0.25;1252;59.6479;3;3.1068;0
0.13391;2.1715;3.22634e-05;0.25;1;66.5301;3;3.1856;0
0.138561;2.18401;3.25519e-05;0.25;1;66.3632;3;3.2805;0
0.1344;2.21409;3.19745e-05;0.25;1251;59.7352;3;3.2805;0
0.134601;2.18097;3.19934e-05;0.25;1;64.7033;3;3.0861;0
0.134639;2.18774;3.25753e-05;0.25;1;64.3889;3;3.1776;0
0.137987;2.18461;3.17848e-05;0.25;881;56.0248;3;3.1776;0
0.136218;2.20978;3.19443e-05;0.25;1;66.8166;3;3.0549;0
0.137183;2.19014;3.19933e-05;0.25;1;66.664;3;3.0652;0
0.13767;2.20739;3.25411e-05;0.25;1243;59.6646;3;3.0652;0
0.13644;2.21553;3.17938e-05;0.25;1;64.0212;3;3.1101;0
0.135505;2.19524;3.24998e-05;0.25;1;63.8636;3;3.1435;0
0.134865;2.19228;3.24032e-05;0.25;1055;58.0581;3;3.1435;0
0.137975;2.18317;3.25468e-05;0.25;1;67.0407;3;3.1135;0
0.134547;2.20371;3.2367e-05;0.25;1;66.867;3;3.1221;0
0.134956;2.17703;3.17117e-05;0.25;879;56.0669;3;3.1221;0
0.138301;2.20057;3.25204e-05;0.25;1;67.169;3;3.1214;0
0.138503;2.1926;3.2169e-05;0.25;1;66.8028;3;3.1491;0
0.134589;2.20476;3.24918e-05;0.25;875;56.1917;3;3.1491;0
0.135777;2.17114;3.18523e-05;0.25;1;67.069;3;3.0331;0
0.138011;2.20603;3.20705e-05;0.25;1;66.8917;3;3.0514;0
0.138475;2.18871;3.2492e-05;0.25;880;55.8019;3;3.0514;0
0.136897;2.18367;3.20124e-05;0.25;1;66.6353;3;3.0856;0
0.137421;2.19846;3.20797e-05;0.25;1;66.2596;3;3.1205;0
0.135373;2.17702;3.20581e-05;0.25;878;55.8107;3;3.1205;0
0.135253;2.21079;3.20394e-05;0.25;1;66.6129;3;3.1753;0
0.137497;2.20902;3.16263e-05;0.25;1;66.4743;3;3.2345;0
0.134883;2.19683;3.17633e-05;0.25;875;56.2085;3;3.2345;0
0.135884;2.1806;3.20852e-05;0.25;882;55.8669;3;3.055;0
0.137044;2.20384;3.2134e-05;0.25;1;66.29;3;3.1384;0
0.134313;2.19966;3.22552e-05;0.25;1;65.9356;3;3.2927;0
0.134264;2.17667;3.22174e-05;0.25;878;56.0251;3;3.2927;0
0.136534;2.1805;3.20307e-05;0.25;1;66.6444;3;3.3125;0
0.135325;2.21404;3.22297e-05;0.25;1;66.474;3;3.4104;0
0.136495;2.203;3.20943e-05;0.25;1054;58.2014;3;3.4104;0
0.138457;2.20471;3.25632e-05;0.25;1;67.8596;3;3.0165;0
0.138016;2.17494;3.21523e-05;0.25;1;67.6796;3;3.0274;0
0.137146;2.21266;3.23659e-05;0.25;2253;64.0734;3;3.0274;0
0.138755;2.19333;3.20397e-05;0.25;1;66.6703;3;3.0571;0
0.138243;2.17108;3.16582e-05;0.25;1;66.531;3;3.1;0
0.136648;2.17888;3.21465e-05;0.25;1246;59.7078;3;3.1;0
0.137141;2.17868;3.1901e-05;0.25;1;64.8978;3;3.0572;0
0.13645;2.20374;3.19794e-05;0.25;1;64.5812;3;3.1354;0
0.136934;2.183;3.23475e-05;0.25;874;56.113;3;3.1354;0
0.136417;2.19697;3.25709e-05;0.25;1;66.7136;3;3.0991;0
0.138674;2.20413;3.16283e-05;0.25;1;66.5632;3;3.1241;0
0.137705;2.20352;3.20803e-05;0.25;1046;58.0794;3;3.1241;0
0.135177;2.18189;3.22346e-05;0.25;1;66.725;3;3.0106;0
0.138549;2.19523;3.2241e-05;0.25;1;66.5613;3;3.006;0
0.135797;2.17936;3.2549e-05;0.25;879;55.8755;3;3.0249;0
0.138426;2.18612;3.18755e-05;0.25;881;55.8391;3;3.0407;0
0.134053;2.20043;3.22906e-05;0.25;1;66.2045;3;3.0883;0
0.13867;2.20209;3.24669e-05;0.25;1;66.0612;3;3.1172;0
0.138095;2.20625;3.16574e-05;0.25;1232;59.8003;3;3.1172;0
0.134379;2.18895;3.21481e-05;0.25;1;63.6344;3;3.1072;0
0.138112;2.17151;3.25661e-05;0.25;1;63.4648;3;3.1606;0
0.137801;2.19506;3.19129e-05;0.25;865;56.0748;3;3.1606;0
0.135743;2.2115;3.25696e-05;0.25;1;67.0594;3;3.0407;0
0.137531;2.16934;3.20568e-05;0.25;1;66.8156;3;3.055;0
0.13855;2.18865;3.19465e-05;0.25;864;56.0674;3;3.055;0
0.13507;2.20598;3.23179e-05;0.25;1;67.081;3;3.0491;0
0.13644;2.21595;3.2465e-05;0.25;2613;64.702;3;3.0095;0
0.135067;2.20542;3.16242e-05;0.25;1;65.4639;3;3.1689;0
0.138661;2.20042;3.21885e-05;0.25;1;65.2939;3;3.2246;0
0.135255;2.19045;3.24636e-05;0.25;1239;59.6854;3;3.2246;0
0.137699;2.18231;3.16591e-05;0.25;1;67.0595;3;3.0708;0
0.13494;2.20327;3.18933e-05;0.25;1;66.845;3;3.1968;0
0.136122;2.17553;3.24484e-05;0.25;875;55.9133;3;3.1968;0
0.135116;2.18319;3.17567e-05;0.25;1;67.2137;3;3.0447;0
0.133919;2.20421;3.19773e-05;0.25;1;66.9449;3;3.0459;0
0.134402;2.19797;3.21377e-05;0.25;1242;59.7955;3;3.0459;0
0.137208;2.19165;3.19493e-05;0.25;1;65.3877;3;3.0558;0
0.136988;2.20659;3.18736e-05;0.25;1;65.068;3;3.143;0
0.138223;2.20674;3.21383e-05;0.25;1043;58.2945;3;3.143;0
0.138613;2.1919;3.22166e-05;0.25;1;66.8059;3;3.0448;0
0.138269;2.19221;3.16598e-05;0.25;1;66.6245;3;3.0551;0
0.134767;2.17888;3.25669e-05;0.25;1060;58.172;3;3.0551;0
0.137614;2.20804;3.18754e-05;0.25;1;66.3144;3;3.1073;0
0.137626;2.20184;3.17038e-05;0.25;1;66.1371;3;3.129;0
0.135661;2.17284;3.25695e-05;0.25;1041;58.3044;3;3.129;0
0.136371;2.20263;3.18381e-05;0.25;1;67.4828;3;3.0351;0
0.13598;2.17782;3.22981e-05;0.25;1;67.3015;3;3.0433;0
0.134729;2.17339;3.24684e-05;0.25;874;56.0631;3;3.0433;0
0.134715;2.17619;3.21956e-05;0.25;1;66.8833;3;3.147;0
0.137958;2.18614;3.22266e-05;0.25;1;66.7308;3;3.1819;0
0.137964;2.19316;3.17686e-05;0.25;873;56.0387;3;3.1819;0
0.134283;2.17746;3.17549e-05;0.25;1;66.6361;3;3.1047;0
0.138059;2.18206;3.20436e-05;0.25;1;66.4834;3;3.1163;0
0.137335;2.20831;3.174e-05;0.25;874;56.0283;3;3.1163;0
0.135091;2.17328;3.25473e-05;0.25;1;66.6306;3;3.0339;0
0.134793;2.19239;3.18819e-05;0.25;1;66.4592;3;3.0378;0
0.137167;2.21201;3.19452e-05;0.25;1044;58.5763;3;3.078;0
0.135618;2.16956;3.18401e-05;0.25;1;66.4581;3;3.1296;0
0.138382;2.17947;3.16779e-05;0.25;1;66.2824;3;3.1604;0
0.133905;2.20871;3.23128e-05;0.25;872;56.2715;3;3.1604;0
0.136997;2.19791;3.20764e-05;0.25;1;67.2213;3;3.0269;0
0.13648;2.18758;3.1675e-05;0.25;1;66.8682;3;3.0247;0
0.135408;2.21373;3.19143e-05;0.25;1238;59.824;3;3.0247;0
0.137573;2.19966;3.16138e-05;0.25;1;66.3507;3;3.1596;0
0.134764;2.18076;3.2483e-05;0.25;1;66.172;3;3.2549;0
0.135824;2.20916;3.25848e-05;0.25;1039;58.3028;3;3.2549;0
0.133891;2.18549;3.1982e-05;0.25;1;67.3798;3;3.0437;0
0.137114;2.17473;3.17939e-05;0.25;1;67.1874;3;3.0838;0
0.135503;2.20586;3.2361e-05;0.25;1237;59.8329;3;3.0838;0
0.137003;2.21719;3.24301e-05;0.25;1;64.6781;3;3.0563;0
0.136018;2.17091;3.2169e-05;0.25;1;64.5132;3;3.0882;0
0.134164;2.21646;3.20423e-05;0.25;1240;59.7867;3;3.0882;0
0.135938;2.17361;3.22054e-05;0.25;1;64.7946;3;3.0798;0
0.136461;2.19368;3.16699e-05;0.25;1;64.6346;3;3.1251;0
0.136204;2.17901;3.17136e-05;0.25;860;56.1715;3;3.1251;0
0.138181;2.19181;3.25329e-05;0.25;1;67.2232;3;3.1177;0
0.134277;2.18417;3.22935e-05;0.25;1;66.9291;3;3.0997;0
0.137431;2.18935;3.21446e-05;0.25;1238;59.7355;3;3.0997;0
0.136487;2.1947;3.23987e-05;0.25;1;64.2161;3;3.0145;0
0.133896;2.17065;3.18418e-05;0.25;1;63.9487;3;3.0096;0
0.13846;2.18916;3.1987e-05;0.25;1236;59.573;3;3.027;0
0.136497;2.20526;3.24808e-05;0.25;1;65.0064;3;3.0973;0
0.138685;2.19765;3.18687e-05;0.25;1;64.8367;3;3.1514;0
0.13685;2.2064;3.18204e-05;0.25;2431;64.304;3;3.1514;0
0.136171;2.19441;3.25627e-05;0.25;1;65.8326;3;3.0231;0
0.134709;2.16934;3.1794e-05;0.25;1;65.6732;3;3.0063;0
0.136812;2.20259;3.24018e-05;0.25;1234;59.7939;3;3.0063;0
0.137483;2.20178;3.20936e-05;0.25;1;64.0999;3;3.1288;0
0.136614;2.18359;3.24306e-05;0.25;1;63.933;3;3.1865;0
0.137671;2.18139;3.24815e-05;0.25;1039;58.5698;3;3.1865;0
0.134826;2.21624;3.17181e-05;0.25;1;66.3135;3;3.1718;0
0.136302;2.17872;3.23548e-05;0.25;1;66.1399;3;3.2065;0
0.137957;2.1794;3.21118e-05;0.25;1048;58.4061;3;3.2065;0
0.137562;2.18513;3.20368e-05;0.25;1;66.3968;3;3.0289;0
0.137137;2.21278;3.20033e-05;0.25;1;66.213;3;3.0522;0
0.136245;2.20873;3.16357e-05;0.25;1235;59.83;3;3.0522;0
0.134073;2.17884;3.23981e-05;0.25;1;64.4589;3;3.0481;0
0.133882;2.20297;3.20525e-05;0.25;1;64.1524;3;3.0885;0
0.138852;2.17428;3.22069e-05;0.25;1030;58.3094;3;3.0885;0
0.135033;2.18636;3.21683e-05;0.25;1;67.1502;3;3.0549;0
0.136596;2.19294;3.17023e-05;0.25;1;66.9727;3;3.0477;0
0.1344;2.18595;3.24235e-05;0.25;1034;58.4162;3;3.0477;0
0.138289;2.20324;3.17807e-05;0.25;1;67.4282;3;3.0531;0
0.138101;2.18075;3.24887e-05;0.25;1;67.0729;3;3.0989;0
0.137698;2.2149;3.21136e-05;0.25;861;56.4142;3;3.0989;0
0.135981;2.18196;3.19446e-05;0.25;1;67.0253;3;3.0608;0
0.136121;2.17735;3.16987e-05;0.25;1;66.6718;3;3.0591;0
0.135854;2.18375;3.25079e-05;0.25;865;56.1619;3;3.0591;0
0.134018;2.17741;3.19225e-05;0.25;1;66.3021;3;3.0674;0
0.134284;2.17742;3.25271e-05;0.25;1;66.1565;3;3.0601;0
0.135693;2.18348;3.21558e-05;0.25;863;56.1458;3;3.0601;0
0.136599;2.17721;3.22739e-05;0.25;1;67.0874;3;3.0517;0
0.134203;2.19359;3.25656e-05;0.25;1;66.7434;3;3.136;0
0.13794;2.1903;3.18387e-05;0.25;1905;62.5309;3;3.136;0
0.136601;2.19854;3.23467e-05;0.25;1;66.4158;3;3.0778;0
0.136697;2.18454;3.17641e-05;0.25;1;66.2519;3;3.1122;0
0.137045;2.17979;3.18091e-05;0.25;862;56.2809;3;3.1122;0
0.135195;2.20578;3.18676e-05;0.25;1;67.1728;3;3.0266;0
0.13692;2.19142;3.24756e-05;0.25;1;66.8607;3;3.0582;0
0.138684;2.20335;3.16313e-05;0.25;3805;65.4724;3;3.0582;0
0.137616;2.21251;3.16498e-05;0.25;1;67.7227;3;3.0169;0
0.138387;2.19899;3.2357e-05;0.25;1;67.5763;3;3.0127;0
0.137762;2.19374;3.24339e-05;0.25;1033;58.274;3;3.0127;0
0.137598;2.2063;3.24808e-05;0.25;1;66.5972;3;3.0482;0
0.138278;2.20822;3.25821e-05;0.25;1;66.4257;3;3.0541;0
0.134741;2.19184;3.23761e-05;0.25;1226;59.9502;3;3.0541;0
0.138471;2.19911;3.20121e-05;0.25;1230;59.9734;3;3.004;0
0.136462;2.19578;3.23888e-05;0.25;1;64.387;3;3.0153;0
0.13455;2.19072;3.16986e-05;0.25;1;64.2408;3;3.0227;0
0.138695;2.17205;3.17745e-05;0.25;1014;58.472;3;3.0271;0
0.134512;2.20009;3.19742e-05;0.25;1;66.9857;3;3.0753;0
0.134199;2.18169;3.17992e-05;0.25;1;66.4522;3;3.0952;0
0.13781;2.1724;3.2154e-05;0.25;1234;59.6595;3;3.0952;0
0.13844;2.21379;3.17914e-05;0.25;1;63.7291;3;3.038;0
0.138025;2.18244;3.1953e-05;0.25;1;63.595;3;3.0298;0
0.135766;2.18331;3.24828e-05;0.25;1233;59.6318;3;3.0298;0
0.138369;2.19537;3.2556e-05;0.25;1;64.8793;3;3.0698;0
0.136147;2.20391;3.2136e-05;0.25;1;64.7113;3;3.1503;0
0.135563;2.21619;3.19284e-05;0.25;853;56.4996;3;3.1503;0
0.134067;2.1823;3.1604e-05;0.25;1;67.4758;3;3.071;0
0.134883;2.18546;3.16108e-05;0.25;1;67.325;3;3.1053;0
0.138106;2.1865;3.24025e-05;0.25;1224;60.0776;3;3.1053;0
0.134974;2.21346;3.19213e-05;0.25;1;64.3799;3;3.0592;0
0.138194;2.16974;3.20028e-05;0.25;1;64.2192;3;3.0742;0
0.137029;2.17297;3.19222e-05;0.25;852;56.0747;3;3.0742;0
0.134175;2.18696;3.19024e-05;0.25;1;67.4908;3;3.137;0
0.138804;2.20321;3.1753e-05;0.25;1;67.0716;3;3.1543;0
0.136743;2.20567;3.2523e-05;0.25;1215;60.0016;3;3.1543;0
0.136174;2.17232;3.19628e-05;0.25;1;64.9245;3;3.1255;0
0.137214;2.1791;3.20809e-05;0.25;1;64.7553;3;3.1974;0
0.135483;2.2151;3.1647e-05;0.25;5121;66.7813;3;3.1974;0
0.138557;2.20588;3.21928e-05;0.25;1;67.2652;3;3.1461;0
0.138804;2.2051;3.19875e-05;0.25;1;67.0913;3;3.1719;0
0.134614;2.19923;3.25313e-05;0.25;1025;58.3684;3;3.1719;0
0.137368;2.19716;3.25805e-05;0.25;1;67.0777;3;3.0977;0
0.134241;2.17016;3.25782e-05;0.25;1;66.8892;3;3.1566;0
0.138124;2.21123;3.16995e-05;0.25;6532;67.0127;3;3.1566;0
0.137293;2.20566;3.1948e-05;0.25;1;66.3282;3;3.0672;0
0.13883;2.18454;3.2334e-05;0.25;1;66.1249;3;3.1257;0
0.134729;2.21102;3.20169e-05;0.25;2586;64.764;3;3.1257;0
0.138175;2.1913;3.16372e-05;0.25;1;65.5599;3;3.2074;0
0.135305;2.20545;3.19654e-05;0.25;1;65.0589;3;3.3281;0
0.136748;2.20778;3.25938e-05;0.25;1025;58.1875;3;3.3281;0
0.135693;2.17693;3.25349e-05;0.25;1;66.2925;3;3.0613;0
0.135196;2.1816;3.19325e-05;0.25;1;66.1207;3;3.0683;0
0.137236;2.17209;3.22101e-05;0.25;1223;59.7629;3;3.0683;0
0.138447;2.21543;3.24711e-05;0.25;1;63.8732;3;3.0119;0
0.134744;2.20784;3.25246e-05;0.25;1;63.7314;3;3.0177;0
0.13875;2.1895;3.19465e-05;0.25;855;56.2584;3;3.0378;0
0.135884;2.17491;3.25424e-05;0.25;1;67.5282;3;3.06;0
0.138075;2.20581;3.22209e-05;0.25;1;67.2421;3;3.0446;0
0.136422;2.19864;3.20389e-05;0.25;2596;64.4963;3;3.0446;0
0.135144;2.21367;3.24147e-05;0.25;1;63.8945;3;3.0413;0
0.135186;2.1878;3.19766e-05;0.25;1;63.7363;3;3.0498;0
0.138721;2.21143;3.19211e-05;0.25;860;56.3706;3;3.0498;0
0.134597;2.19147;3.21921e-05;0.25;1220;60.0764;3;3.0214;0
0.138098;2.1895;3.24483e-05;0.25;1;64.5945;3;3.0219;0
0.137517;2.19564;3.18913e-05;0.25;1;64.3414;3;3.0052;0
0.134625;2.17628;3.18547e-05;0.25;1037;58.4064;3;3.0052;0
0.13799;2.17038;3.17223e-05;0.25;1;66.2289;3;3.0656;0
0.134827;2.18357;3.16058e-05;0.25;1;66.058;3;3.0936;0
0.136988;2.18417;3.18766e-05;0.25;1032;58.5436;3;3.0936;0
0.13563;2.19907;3.18948e-05;0.25;1;67.4687;3;3.17;0
0.134195;2.19269;3.2451e-05;0.25;1;67.2898;3;3.2417;0
0.134423;2.20664;3.17571e-05;0.25;1032;58.5509;3;3.2417;0
0.137006;2.1763;3.23211e-05;0.25;1;66.9678;3;3.0795;0
0.135004;2.18331;3.20168e-05;0.25;1;66.7744;3;3.107;0
0.134969;2.21368;3.21353e-05;0.25;1223;59.9898;3;3.107;0
0.13641;2.2009;3.2429e-05;0.25;1;64.7066;3;3.0709;0
0.13582;2.20247;3.20434e-05;0.25;1;64.4009;3;3.1275;0
0.13646;2.20471;3.19953e-05;0.25;1020;58.4358;3;3.1275;0
0.136161;2.1893;3.20469e-05;0.25;1;67.2291;3;3.1464;0
0.134357;2.19686;3.19952e-05;0.25;1;66.8535;3;3.3804;0
0.137742;2.20408;3.22633e-05;0.25;1028;58.4497;3;3.3804;0
0.138644;2.21641;3.23806e-05;0.25;1;67.2549;3;3.0304;0
0.135164;2.19912;3.20979e-05;0.25;1;66.9044;3;3.0507;0
0.137536;2.18438;3.17559e-05;0.25;1220;59.7972;3;3.0507;0
0.135595;2.21511;3.19189e-05;0.25;1;66.9598;3;3.1666;0
0.137504;2.20209;3.18404e-05;0.25;1;66.7478;3;3.2836;0
0.136762;2.20762;3.21074e-05;0.25;1026;58.4762;3;3.2836;0
0.137812;2.18577;3.21574e-05;0.25;1;66.8242;3;3.0587;0
0.138018;2.18993;3.25297e-05;0.25;1;66.6462;3;3.053;0
0.134816;2.20676;3.16349e-05;0.25;1224;59.9997;3;3.053;0
0.134671;2.19749;3.1601e-05;0.25;1;64.3663;3;3.0281;0
0.137597;2.19002;3.20976e-05;0.25;1;64.2345;3;3.0177;0
0.136956;2.21169;3.25914e-05;0.25;1219;59.9658;3;3.0177;0
0.135077;2.17128;3.1942e-05;0.25;1;63.0917;3;3.0197;0
0.134205;2.19593;3.18582e-05;0.25;1;62.9455;3;3.0124;0
0.133896;2.20906;3.22087e-05;0.25;7807;67.6821;3;3.0569;0
0.134801;2.21236;3.25633e-05;0.25;1;66.181;3;3.1317;0
0.136669;2.18873;3.20278e-05;0.25;1;66.0143;3;3.1867;0
0.136181;2.18761;3.25239e-05;0.25;1029;58.2384;3;3.1867;0
0.136548;2.19359;3.21334e-05;0.25;2405;64.1933;3;3.032;0
0.135798;2.18585;3.20742e-05;0.25;1;67.2993;3;3.0955;0
0.134635;2.21478;3.24396e-05;0.25;1;67.106;3;3.1375;0
0.13705;2.18987;3.25735e-05;0.25;1222;59.8285;3;3.1375;0
0.133858;2.18218;3.17187e-05;0.25;1;63.3334;3;3.0424;0
0.138234;2.18502;3.19067e-05;0.25;1;63.1915;3;3.0452;0
0.136784;2.21668;3.17133e-05;0.25;1025;58.5164;3;3.0452;0
0.136284;2.1857;3.24277e-05;0.25;1;67.2292;3;3.0388;0
0.13437;2.19316;3.20594e-05;0.25;1;67.0401;3;3.0634;0
0.136034;2.17157;3.1856e-05;0.25;1223;59.9963;3;3.0634;0
0.136031;2.17192;3.19507e-05;0.25;1033;58.6105;3;3.0091;0
0.138051;2.21723;3.1965e-05;0.25;1025;58.5544;3;3.0099;0
0.137673;2.17742;3.21298e-05;0.25;1219;59.7438;3;3.0068;0
0.13391;2.1829;3.24318e-05;0.25;1;63.7755;3;3.0565;0
0.136107;2.20132;3.17373e-05;0.25;1;63.6055;3;3.0889;0
0.13672;2.21594;3.24416e-05;0.25;2593;64.5092;3;3.0889;0
0.136617;2.20774;3.23909e-05;0.25;1;65.306;3;3.0847;0
0.13732;2.20898;3.19041e-05;0.25;1;65.1368;3;3.1215;0
0.138778;2.20356;3.21382e-05;0.25;2403;63.9103;3;3.1215;0
0.135156;2.21589;3.25524e-05;0.25;1;66.7344;3;3.0842;0
0.138651;2.20784;3.17254e-05;0.25;1;66.562;3;3.1398;0
0.135713;2.18908;3.21182e-05;0.25;1032;58.3995;3;3.1398;0
0.138271;2.2036;3.18345e-05;0.25;1;66.2958;3;3.0804;0
0.135676;2.20723;3.19218e-05;0.25;1;66.1337;3;3.1141;0
0.135567;2.21632;3.17756e-05;0.25;1020;58.3689;3;3.1141;0
0.135379;2.19428;3.1744e-05;0.25;1;67.3373;3;3.0466;0
0.135766;2.18095;3.22617e-05;0.25;1;66.9952;3;3.0495;0
0.138107;2.17322;3.16094e-05;0.25;1222;59.7424;3;3.0495;0
0.134058;2.20723;3.19659e-05;0.25;1;63.1286;3;3.0087;0
0.13503;2.20267;3.25262e-05;0.25;2400;64.1691;3;3.016;0
0.137953;2.18121;3.25358e-05;0.25;1;66.75;3;3.1134;0
0.135347;2.20711;3.25978e-05;0.25;1;66.5803;3;3.1297;0
0.136574;2.17393;3.18623e-05;0.25;1224;59.6211;3;3.1297;0
0.134609;2.19652;3.24658e-05;0.25;1;64.7265;3;3.0851;0
0.136173;2.20815;3.20589e-05;0.25;1;64.5802;3;3.0981;0
0.136396;2.17495;3.212e-05;0.25;2391;64.0504;3;3.0981;0
0.136876;2.2009;3.2406e-05;0.25;1;67.8971;3;3.0374;0
0.136606;2.20854;3.17575e-05;0.25;1;67.7654;3;3.0358;0
0.137818;2.18397;3.23464e-05;0.25;6501;66.8312;3;3.0358;0
0.133916;2.2021;3.22918e-05;0.25;1;67.9189;3;3.0421;0
0.138547;2.18844;3.16006e-05;0.25;1;67.6645;3;3.0561;0
0.136642;2.19461;3.21005e-05;0.25;1209;60.0809;3;3.0561;0
0.135702;2.19167;3.21952e-05;0.25;1;64.6955;3;3.1038;0
0.137212;2.20497;3.24509e-05;0.25;1;64.5294;3;3.1374;0
0.138453;2.20471;3.217e-05;0.25;1028;58.2503;3;3.1374;0
0.13613;2.19687;3.17455e-05;0.25;1;66.8943;3;3.1598;0
0.138303;2.17738;3.21191e-05;0.25;1;66.7235;3;3.2204;0
0.137353;2.17381;3.25472e-05;0.25;851;56.3356;3;3.2204;0
0.137475;2.19912;3.19248e-05;0.25;1;67.0024;3;3.0698;0
0.138069;2.16945;3.23995e-05;0.25;1;66.8609;3;3.1039;0
0.13697;2.21136;3.25171e-05;0.25;1017;58.5902;3;3.1039;0
0.138393;2.18312;3.19186e-05;0.25;1;66.6751;3;3.0364;0
0.137443;2.17589;3.22028e-05;0.25;1;66.4992;3;3.0244;0
0.135076;2.19499;3.25513e-05;0.25;1216;59.9197;3;3.0244;0
0.137584;2.17824;3.22569e-05;0.25;1;62.7056;3;3.0311;0
0.13581;2.18728;3.24778e-05;0.25;1;62.5714;3;3.0295;0
0.134152;2.20955;3.22954e-05;0.25;2378;64.4781;3;3.0295;0
0.134777;2.20701;3.24025e-05;0.25;1;67.0285;3;3.0332;0
0.137768;2.21479;3.21796e-05;0.25;1;66.8564;3;3.0904;0
0.136754;2.17098;3.19702e-05;0.25;2395;63.8848;3;3.0904;0
0.138546;2.19275;3.25819e-05;0.25;1;67.7638;3;3.0834;0
0.137691;2.19163;3.16518e-05;0.25;1;67.6024;3;3.0948;0
0.13576;2.17088;3.1795e-05;0.25;3738;65.9457;3;3.0948;0
0.136811;2.17667;3.17469e-05;0.25;1;67.1234;3;3.0232;0
0.134995;2.21441;3.21199e-05;0.25;1;66.944;3;3.035;0
0.134074;2.18488;3.2287e-05;0.25;850;56.5091;3;3.035;0
0.135529;2.18809;3.25426e-05;0.25;1;67.1097;3;3.0527;0
0.13881;2.21242;3.22641e-05;0.25;1;66.9431;3;3.0671;0
0.136069;2.19112;3.19339e-05;0.25;2390;64.4362;3;3.0671;0
0.138279;2.1821;3.25302e-05;0.25;1;66.3403;3;3.0473;0
0.136261;2.20444;3.21922e-05;0.25;1;66.0076;3;3.0931;0
0.135564;2.17548;3.24233e-05;0.25;2393;64.0947;3;3.0931;0
0.138441;2.21202;3.18803e-05;0.25;1;67.554;3;3.1077;0
0.136734;2.20071;3.24501e-05;0.25;1;67.2007;3;3.2386;0
0.136868;2.17151;3.22813e-05;0.25;1011;58.3085;3;3.2386;0
0.138529;2.17765;3.17636e-05;0.25;1;67.6808;3;3.0879;0
0.135934;2.20755;3.18265e-05;0.25;1;67.5362;3;3.0975;0
0.138679;2.17533;3.2474e-05;0.25;2398;63.9575;3;3.0975;0
0.134398;2.19199;3.25228e-05;0.25;1;66.1594;3;3.0745;0
0.136841;2.19638;3.23332e-05;0.25;1;65.9827;3;3.0772;0
0.133949;2.19107;3.183e-05;0.25;1022;58.3739;3;3.0772;0
0.135541;2.17971;3.17156e-05;0.25;1;67.1951;3;3.0814;0
0.13544;2.17492;3.18768e-05;0.25;1;67.0124;3;3.1157;0
0.137179;2.20847;3.23583e-05;0.25;5104;66.6533;3;3.1157;0
0.13613;2.17386;3.24545e-05;0.25;1;67.1863;3;3.0509;0
0.134159;2.193;3.23349e-05;0.25;1;67.014;3;3.0646;0
0.135009;2.20347;3.24233e-05;0.25;3747;65.8893;3;3.0646;0
0.137813;2.18173;3.20206e-05;0.25;1;67.9139;3;3.0979;0
0.134329;2.20078;3.25531e-05;0.25;1;67.7316;3;3.1555;0
0.136564;2.2108;3.21629e-05;0.25;5097;66.7531;3;3.1555;0
0.136773;2.20009;3.18728e-05;0.25;1;67.6373;3;3.066;0
0.137695;2.19566;3.21388e-05;0.25;1;67.489;3;3.0656;0
0.135766;2.18096;3.21566e-05;0.25;1217;59.8542;3;3.0656;0
0.136737;2.17152;3.2018e-05;0.25;1;64.9509;3;3.101;0
0.134212;2.1851;3.17655e-05;0.25;1;64.8011;3;3.1201;0
0.137633;2.17113;3.20904e-05;0.25;1019;58.3563;3;3.1201;0
0.134483;2.2016;3.19207e-05;0.25;1;66.4581;3;3.0686;0
0.137707;2.2102;3.18303e-05;0.25;1;66.2762;3;3.086;0
0.13784;2.20162;3.18016e-05;0.25;1021;58.3971;3;3.086;0
0.138385;2.19926;3.22222e-05;0.25;1;67.5868;3;3.0958;0
0.137559;2.17251;3.23581e-05;0.25;1;67.2239;3;3.1927;0
0.13569;2.20802;3.23687e-05;0.25;2366;64.438;3;3.1927;0
0.138428;2.17024;3.19373e-05;0.25;1;67.3164;3;3.0515;0
0.135621;2.18285;3.18592e-05;0.25;1;67.1185;3;3.1039;0
0.136664;2.20601;3.22794e-05;0.25;1015;58.6041;3;3.1039;0
0.138404;2.20545;3.24389e-05;0.25;1;67.3888;3;3.0633;0
0.136744;2.20749;3.2122e-05;0.25;1;67.2089;3;3.1188;0
0.135719;2.18136;3.24964e-05;0.25;1022;58.2776;3;3.1188;0
0.138177;2.17354;3.16587e-05;0.25;1;66.9952;3;3.0697;0
0.137507;2.18491;3.25254e-05;0.25;1;66.6257;3;3.0656;0
0.136761;2.19117;3.23401e-05;0.25;2376;64.1535;3;3.0656;0
0.137901;2.18;3.16546e-05;0.25;1;67.7081;3;3.0506;0
0.136633;2.2029;3.19273e-05;0.25;1;67.3892;3;3.1244;0
0.136192;2.21125;3.1663e-05;0.25;3718;66.0516;3;3.1244;0
0.137347;2.17037;3.19771e-05;0.25;1;66.8716;3;3.0508;0
0.134554;2.20338;3.16002e-05;0.25;1;66.5257;3;3.095;0
0.13749;2.1722;3.18502e-05;0.25;848;56.578;3;3.095;0
0.137045;2.21696;3.19889e-05;0.25;5059;66.933;3;3.0139;0
0.134966;2.18164;3.21407e-05;0.25;1;67.4296;3;3.0382;0
0.137562;2.18644;3.16364e-05;0.25;1;67.0583;3;3.0594;0
0.13787;2.20413;3.20603e-05;0.25;1017;58.404;3;3.0594;0
0.135078;2.175;3.25064e-05;0.25;1;67.2196;3;3.1081;0
0.134076;2.17716;3.20125e-05;0.25;1;67.0328;3;3.1617;0
0.137713;2.20377;3.17063e-05;0.25;3736;65.9716;3;3.1617;0
0.138106;2.18783;3.2456e-05;0.25;1;67.2841;3;3.0881;0
0.138233;2.17451;3.19518e-05;0.25;1;66.9253;3;3.1604;0
0.137722;2.17711;3.23506e-05;0.25;1020;58.3903;3;3.1604;0
0.137592;2.17804;3.19983e-05;0.25;1;66.6345;3;3.2541;0
0.136721;2.18771;3.19876e-05;0.25;1;66.4344;3;3.3204;0
0.138759;2.1857;3.21984e-05;0.25;1025;58.2781;3;3.3204;0
0.134233;2.19886;3.24856e-05;0.25;1;66.934;3;3.0108;0
0.137911;2.17025;3.22215e-05;0.25;1;66.7589;3;3.0106;0
0.13545;2.1977;3.22738e-05;0.25;3735;66.0507;3;3.0106;0
0.135277;2.21457;3.16176e-05;0.25;1;66.6708;3;3.1351;0
0.135423;2.18155;3.19633e-05;0.25;1;66.5148;3;3.1864;0
0.136288;2.21274;3.18475e-05;0.25;1210;59.8835;3;3.1864;0
0.13884;2.17738;3.24091e-05;0.25;1;65.1563;3;3.1161;0
0.136595;2.17801;3.22023e-05;0.25;1;65.0021;3;3.1446;0
0.137636;2.21118;3.1618e-05;0.25;1014;58.5872;3;3.1446;0
0.137829;2.20523;3.18806e-05;0.25;1;67.2456;3;3.0517;0
0.138297;2.17412;3.17563e-05;0.25;1;67.0682;3;3.1163;0
0.138609;2.18147;3.21203e-05;0.25;1006;58.2201;3;3.1163;0
0.137675;2.17936;3.16526e-05;0.25;1;67.6332;3;3.0852;0
0.134644;2.20833;3.18552e-05;0.25;1;67.4546;3;3.1369;0
0.136283;2.18904;3.20456e-05;0.25;3743;65.8745;3;3.1369;0
0.138772;2.17984;3.25323e-05;0.25;1;66.0731;3;3.0429;0
0.137081;2.17512;3.24375e-05;0.25;1;65.7479;3;3.0444;0
0.135571;2.18903;3.1801e-05;0.25;3722;66.085;3;3.0444;0
0.134758;2.19391;3.19576e-05;0.25;1;67.4419;3;3.0414;0
0.136993;2.20386;3.17615e-05;0.25;1;67.2468;3;3.0905;0
0.136991;2.17044;3.24313e-05;0.25;1020;58.3208;3;3.0905;0
0.138569;2.17699;3.20827e-05;0.25;1;66.6743;3;3.1159;0
0.136531;2.18865;3.22551e-05;0.25;1;66.5004;3;3.1336;0
0.134305;2.18657;3.23115e-05;0.25;1213;60.0463;3;3.1336;0
0.133968;2.17162;3.25627e-05;0.25;1;64.7353;3;3.0255;0
0.138458;2.21233;3.19106e-05;0.25;1;64.5728;3;3.0539;0
0.138502;2.20594;3.16947e-05;0.25;1011;58.6634;3;3.0539;0
0.136002;2.2125;3.1982e-05;0.25;1;66.468;3;3.0512;0
0.135181;2.2068;3.22029e-05;0.25;1;66.298;3;3.0403;0
0.135545;2.17202;3.25111e-05;0.25;3734;65.796;3;3.0403;0
0.137178;2.18056;3.23015e-05;0.25;1;67.0944;3;3.0405;0
0.13435;2.17096;3.1952e-05;0.25;1;66.7466;3;3.0943;0
0.136571;2.19672;3.20496e-05;0.25;7796;67.4585;3;3.0943;0
0.137068;2.20895;3.1901e-05;0.25;1;67.351;3;3.0298;0
0.134199;2.20189;3.24176e-05;0.25;1;67.1795;3;3.0356;0
0.134763;2.17593;3.19037e-05;0.25;2379;64.2213;3;3.0356;0
0.138026;2.20695;3.16546e-05;0.25;1;66.8941;3;3.0469;0
0.136794;2.19945;3.24107e-05;0.25;1;66.7119;3;3.1023;0
0.138846;2.18672;3.21196e-05;0.25;842;56.6562;3;3.1023;0
0.13453;2.17635;3.25394e-05;0.25;1020;58.8023;3;3.0196;0
0.134109;2.1709;3.25743e-05;0.25;1;66.4956;3;3.0762;0
0.136422;2.20157;3.18312e-05;0.25;1;66.3227;3;3.1091;0
0.138702;2.17058;3.18209e-05;0.25;5087;66.4938;3;3.1091;0
0.137377;2.21213;3.25692e-05;0.25;1;67.4984;3;3.1393;0
0.134757;2.17675;3.18083e-05;0.25;1;66.8209;3;3.3335;0
0.134003;2.18073;3.21523e-05;0.25;5074;66.8051;3;3.3335;0
0.138777;2.19262;3.23593e-05;0.25;1;67.5596;3;3.0891;0
0.138737;2.20872;3.18851e-05;0.25;1;67.3818;3;3.1649;0
0.134323;2.20075;3.25962e-05;0.25;2374;64.4171;3;3.1649;0
0.136744;2.21185;3.19043e-05;0.25;1;67.14;3;3.1136;0
0.138778;2.195;3.19211e-05;0.25;1;66.7442;3;3.2391;0
0.13777;2.21125;3.19625e-05;0.25;1216;60.0002;3;3.2391;0
0.134635;2.21067;3.19157e-05;0.25;1;65.2113;3;3.0782;0
0.137489;2.17818;3.17598e-05;0.25;1;65.0426;3;3.1213;0
0.137413;2.20767;3.17888e-05;0.25;1204;60.0189;3;3.1213;0
0.138652;2.19692;3.17919e-05;0.25;1206;60.1392;3;3.0062;0
0.138013;2.21032;3.25086e-05;0.25;1;63.1117;3;3.0512;0
0.133884;2.17743;3.25017e-05;0.25;1;62.9667;3;3.0562;0
0.135483;2.18548;3.16617e-05;0.25;3720;66.0071;3;3.0562;0
0.136926;2.1989;3.21219e-05;0.25;1;67.1455;3;3.0237;0
0.138817;2.20123;3.22455e-05;0.25;1;66.9682;3;3.0265;0
0.135794;2.17581;3.23241e-05;0.25;1201;59.8808;3;3.0265;0
0.134066;2.19652;3.1609e-05;0.25;1;63.8329;3;3.1255;0
0.133978;2.20617;3.2347e-05;0.25;1;63.6566;3;3.1794;0
0.135463;2.18979;3.23887e-05;0.25;2362;64.4198;3;3.1794;0
0.135239;2.18636;3.23846e-05;0.25;1;66.6737;3;3.0189;0
0.137038;2.20259;3.22035e-05;0.25;1;66.3421;3;3.0154;0
0.135377;2.19671;3.22806e-05;0.25;1207;60.0085;3;3.0748;0
0.138019;2.17812;3.19019e-05;0.25;1;65.703;3;3.1739;0
0.13849;2.20554;3.243e-05;0.25;1;65.536;3;3.2584;0
0.137829;2.18093;3.23211e-05;0.25;2381;64.1547;3;3.2584;0
0.137299;2.1787;3.21921e-05;0.25;1;67.0528;3;3.0235;0
0.137221;2.17871;3.19812e-05;0.25;1;66.8736;3;3.027;0
0.136097;2.20708;3.25864e-05;0.25;1207;60.1237;3;3.027;0
0.137931;2.19525;3.22339e-05;0.25;1;64.7831;3;3.0316;0
0.137974;2.19105;3.19696e-05;0.25;1;64.6238;3;3.0451;0
0.137572;2.21689;3.20163e-05;0.25;3701;66.1261;3;3.0451;0
0.136596;2.17485;3.16165e-05;0.25;1;67.3618;3;3.0496;0
0.134671;2.19113;3.19104e-05;0.25;1;67.0131;3;3.1467;0
0.138626;2.19176;3.1735e-05;0.25;2355;64.3235;3;3.1467;0
0.138591;2.20715;3.24489e-05;0.25;1;67.4574;3;3.0216;0
0.137397;2.21372;3.20748e-05;0.25;1;67.3036;3;3.0262;0
0.137775;2.2103;3.20513e-05;0.25;3893;66.3002;3;3.0262;0
0.137861;2.19924;3.2169e-05;0.25;1;66.385;3;3.0484;0
0.134757;2.19191;3.20461e-05;0.25;1;66.0413;3;3.1394;0
0.138716;2.18682;3.20188e-05;0.25;838;56.7665;3;3.1394;0
0.136615;2.20259;3.16152e-05;0.25;1;66.98;3;3.0379;0
0.138641;2.19848;3.22125e-05;0.25;1206;59.9164;3;3.0158;0
0.137425;2.21427;3.21849e-05;0.25;1;63.417;3;3.0716;0
0.137649;2.18365;3.1891e-05;0.25;2372;64.1061;3;3.1365;0
0.137389;2.21489;3.24133e-05;0.25;1;66.5391;3;3.0858;0
0.137872;2.19271;3.22118e-05;0.25;1;66.3692;3;3.1008;0
0.135682;2.21227;3.2382e-05;0.25;2346;64.6536;3;3.1008;0
0.134907;2.19629;3.21739e-05;0.25;1;67.3637;3;3.0542;0
0.138455;2.19821;3.24027e-05;0.25;1;67.1914;3;3.0741;0
0.134014;2.17218;3.24333e-05;0.25;2370;64.173;3;3.0741;0
0.137689;2.21234;3.24481e-05;0.25;1;67.4472;3;3.0865;0
0.138591;2.2167;3.22778e-05;0.25;1;67.2782;3;3.1501;0
0.133885;2.19068;3.23807e-05;0.25;1205;60.0246;3;3.1501;0
0.13784;2.18697;3.24613e-05;0.25;1013;58.514;3;3.001;0
0.13446;2.19528;3.22054e-05;0.25;1;66.613;3;3.0529;0
0.136018;2.17173;3.17087e-05;0.25;1;66.4405;3;3.0549;0
0.137792;2.20603;3.16556e-05;0.25;1011;58.4082;3;3.0549;0
0.135775;2.19961;3.17829e-05;0.25;1;66.6673;3;3.1028;0
0.136308;2.17013;3.25881e-05;0.25;1;65.9651;3;3.1726;0
0.13824;2.19421;3.20515e-05;0.25;2363;64.2502;3;3.1726;0
0.134046;2.20426;3.20768e-05;0.25;1208;60.0598;3;3.0079;0
0.134057;2.18298;3.1819e-05;0.25;1;63.7951;3;3.0117;0
0.138195;2.19927;3.17156e-05;0.25;1003;58.281;3;3.0188;0
0.135868;2.20427;3.18813e-05;0.25;1;67.3376;3;3.0741;0
0.135463;2.19598;3.19198e-05;0.25;1;67.1756;3;3.11;0
0.136456;2.18495;3.24383e-05;0.25;1206;60.0504;3;3.11;0
0.136617;2.19882;3.1783e-05;0.25;1;62.9771;3;3.0142;0
0.1382;2.19794;3.19533e-05;0.25;1;62.8496;3;3.0006;0
0.137306;2.20111;3.17509e-05;0.25;2338;64.5983;3;3.0208;0
0.137749;2.18098;3.18349e-05;0.25;1;67.1148;3;3.0929;0
0.135266;2.17469;3.22402e-05;0.25;1;66.9461;3;3.1597;0
0.135081;2.18385;3.24979e-05;0.25;2365;64.3172;3;3.1597;0
0.134657;2.20381;3.21964e-05;0.25;1;67.0716;3;3.0482;0
0.135823;2.19058;3.16414e-05;0.25;1;66.3728;3;3.1508;0
0.134761;2.21219;3.25563e-05;0.25;2358;64.4946;3;3.1508;0
0.135507;2.21122;3.23728e-05;0.25;1;66.8991;3;3.0175;0
0.138703;2.18787;3.24608e-05;0.25;1;66.7309;3;3.0195;0
0.134652;2.20776;3.21644e-05;0.25;1002;58.5311;3;3.0195;0
0.136562;2.195;3.16548e-05;0.25;1;66.6435;3;3.0871;0
0.13576;2.2119;3.24599e-05;0.25;1;66.4679;3;3.1242;0
0.138461;2.21664;3.19793e-05;0.25;956;56.4462;3;3.1256;0
0.13585;2.17019;3.22924e-05;0.25;1;63.5167;3;3.6242;0
0.136224;2.19639;3.19996e-05;0.25;1;63.3495;3;3.8756;0
0.138102;2.17303;3.25407e-05;0.25;894;56.7416;3;3.8756;0
0.134722;2.20942;3.22672e-05;0.25;1;67.123;3;3.2142;0
0.136455;2.18463;3.19648e-05;0.25;1;66.7452;3;3.4546;0
0.135807;2.18158;3.23826e-05;0.25;1061;55.7488;3;3.4546;0
